[debug] [2026-02-20T04:33:26.501Z] ----------------------------------------------------------------------
[debug] [2026-02-20T04:33:26.505Z] Command:       /nix/store/ws50yvm6vzlzf7jzz6n7xh4szddrack1-nodejs-20.19.1/bin/node /home/user/studio/node_modules/.bin/firebase deploy
[debug] [2026-02-20T04:33:26.506Z] CLI Version:   13.35.1
[debug] [2026-02-20T04:33:26.506Z] Platform:      linux
[debug] [2026-02-20T04:33:26.507Z] Node Version:  v20.19.1
[debug] [2026-02-20T04:33:26.507Z] Time:          Fri Feb 20 2026 04:33:26 GMT+0000 (Coordinated Universal Time)
[debug] [2026-02-20T04:33:26.507Z] ----------------------------------------------------------------------
[debug] 
[debug] [2026-02-20T04:33:27.062Z] > command requires scopes: ["email","openid","https://www.googleapis.com/auth/cloudplatformprojects.readonly","https://www.googleapis.com/auth/firebase","https://www.googleapis.com/auth/cloud-platform"]
[debug] [2026-02-20T04:33:27.063Z] > authorizing via signed-in user (dulani@gmail.com)
[debug] [2026-02-20T04:33:27.064Z] [iam] checking project mobilesignalmapper for permissions ["datastore.indexes.create","datastore.indexes.delete","datastore.indexes.list","datastore.indexes.update","firebase.projects.get","firebasehosting.sites.update"]
[debug] [2026-02-20T04:33:27.065Z] Checked if tokens are valid: false, expires at: 1771490022004
[debug] [2026-02-20T04:33:27.066Z] Checked if tokens are valid: false, expires at: 1771490022004
[debug] [2026-02-20T04:33:27.066Z] > refreshing access token with scopes: []
[debug] [2026-02-20T04:33:27.069Z] >>> [apiv2][query] POST https://www.googleapis.com/oauth2/v3/token [none]
[debug] [2026-02-20T04:33:27.069Z] >>> [apiv2][body] POST https://www.googleapis.com/oauth2/v3/token [omitted]
[debug] [2026-02-20T04:33:27.235Z] <<< [apiv2][status] POST https://www.googleapis.com/oauth2/v3/token 200
[debug] [2026-02-20T04:33:27.235Z] <<< [apiv2][body] POST https://www.googleapis.com/oauth2/v3/token [omitted]
[debug] [2026-02-20T04:33:27.252Z] >>> [apiv2][query] POST https://cloudresourcemanager.googleapis.com/v1/projects/mobilesignalmapper:testIamPermissions [none]
[debug] [2026-02-20T04:33:27.253Z] >>> [apiv2][(partial)header] POST https://cloudresourcemanager.googleapis.com/v1/projects/mobilesignalmapper:testIamPermissions x-goog-quota-user=projects/mobilesignalmapper
[debug] [2026-02-20T04:33:27.253Z] >>> [apiv2][body] POST https://cloudresourcemanager.googleapis.com/v1/projects/mobilesignalmapper:testIamPermissions {"permissions":["datastore.indexes.create","datastore.indexes.delete","datastore.indexes.list","datastore.indexes.update","firebase.projects.get","firebasehosting.sites.update"]}
[debug] [2026-02-20T04:33:27.316Z] <<< [apiv2][status] POST https://cloudresourcemanager.googleapis.com/v1/projects/mobilesignalmapper:testIamPermissions 200
[debug] [2026-02-20T04:33:27.317Z] <<< [apiv2][body] POST https://cloudresourcemanager.googleapis.com/v1/projects/mobilesignalmapper:testIamPermissions {"permissions":["datastore.indexes.create","datastore.indexes.delete","datastore.indexes.list","datastore.indexes.update","firebase.projects.get","firebasehosting.sites.update"]}
[debug] [2026-02-20T04:33:27.318Z] Checked if tokens are valid: true, expires at: 1771565606236
[debug] [2026-02-20T04:33:27.318Z] Checked if tokens are valid: true, expires at: 1771565606236
[debug] [2026-02-20T04:33:27.319Z] >>> [apiv2][query] GET https://firebase.googleapis.com/v1beta1/projects/mobilesignalmapper [none]
[debug] [2026-02-20T04:33:27.601Z] <<< [apiv2][status] GET https://firebase.googleapis.com/v1beta1/projects/mobilesignalmapper 200
[debug] [2026-02-20T04:33:27.601Z] <<< [apiv2][body] GET https://firebase.googleapis.com/v1beta1/projects/mobilesignalmapper {"projectId":"mobilesignalmapper","projectNumber":"185216844453","displayName":"mobilesignalmapper","name":"projects/mobilesignalmapper","resources":{"hostingSite":"mobilesignalmapper"},"state":"ACTIVE","etag":"1_e2ad696e-2402-4d90-91c6-cf95cd065c43"}
[debug] [2026-02-20T04:33:31.968Z] Checked if tokens are valid: true, expires at: 1771565606236
[debug] [2026-02-20T04:33:31.969Z] Checked if tokens are valid: true, expires at: 1771565606236
[debug] [2026-02-20T04:33:31.970Z] >>> [apiv2][query] GET https://firebasehosting.googleapis.com/v1beta1/projects/mobilesignalmapper/sites pageToken=&pageSize=10
[debug] [2026-02-20T04:33:32.548Z] <<< [apiv2][status] GET https://firebasehosting.googleapis.com/v1beta1/projects/mobilesignalmapper/sites 200
[debug] [2026-02-20T04:33:32.548Z] <<< [apiv2][body] GET https://firebasehosting.googleapis.com/v1beta1/projects/mobilesignalmapper/sites {"sites":[{"name":"projects/mobilesignalmapper/sites/mobilesignalmapper","defaultUrl":"https://mobilesignalmapper.web.app","appId":"1:185216844453:web:4819b2585c8a962295834c","type":"DEFAULT_SITE"}]}
[debug] [2026-02-20T04:33:32.549Z] Checked if tokens are valid: true, expires at: 1771565606236
[debug] [2026-02-20T04:33:32.552Z] Checked if tokens are valid: true, expires at: 1771565606236
[debug] [2026-02-20T04:33:32.552Z] >>> [apiv2][query] GET https://firebase.googleapis.com/v1beta1/projects/-/webApps/1:185216844453:web:4819b2585c8a962295834c/config [none]
[debug] [2026-02-20T04:33:32.990Z] <<< [apiv2][status] GET https://firebase.googleapis.com/v1beta1/projects/-/webApps/1:185216844453:web:4819b2585c8a962295834c/config 200
[debug] [2026-02-20T04:33:32.990Z] <<< [apiv2][body] GET https://firebase.googleapis.com/v1beta1/projects/-/webApps/1:185216844453:web:4819b2585c8a962295834c/config {"projectId":"mobilesignalmapper","appId":"1:185216844453:web:4819b2585c8a962295834c","storageBucket":"mobilesignalmapper.firebasestorage.app","apiKey":"AIzaSyAV1u18vvA53ZN1G6FJzhCL88hPZRTG6B0","authDomain":"mobilesignalmapper.firebaseapp.com","messagingSenderId":"185216844453","measurementId":"G-5LNGDQC7JH","projectNumber":"185216844453","version":"2"}
[info] 
   Thank you for trying our early preview of Next.js support on Firebase Hosting.
   During the preview, support is best-effort and breaking changes can be expected. Proceed with caution.
   The integration is known to work with Next.js version 12 - 15.0. You may encounter errors.

   Documentation: https://firebase.google.com/docs/hosting/frameworks/nextjs
   File a bug: https://github.com/firebase/firebase-tools/issues/new?template=bug_report.md
   Submit a feature request: https://github.com/firebase/firebase-tools/issues/new?template=feature_request.md

   We'd love to learn from you. Express your interest in helping us shape the future of Firebase Hosting: https://goo.gle/41enW5X

[debug] [2026-02-20T04:33:42.619Z] Checked if tokens are valid: true, expires at: 1771565606236
[debug] [2026-02-20T04:33:42.620Z] Checked if tokens are valid: true, expires at: 1771565606236
[debug] [2026-02-20T04:33:42.621Z] >>> [apiv2][query] GET https://firebasehosting.googleapis.com/v1beta1/projects/mobilesignalmapper/sites/mobilesignalmapper [none]
[debug] [2026-02-20T04:33:43.121Z] <<< [apiv2][status] GET https://firebasehosting.googleapis.com/v1beta1/projects/mobilesignalmapper/sites/mobilesignalmapper 200
[debug] [2026-02-20T04:33:43.121Z] <<< [apiv2][body] GET https://firebasehosting.googleapis.com/v1beta1/projects/mobilesignalmapper/sites/mobilesignalmapper {"name":"projects/mobilesignalmapper/sites/mobilesignalmapper","defaultUrl":"https://mobilesignalmapper.web.app","appId":"1:185216844453:web:4819b2585c8a962295834c","type":"DEFAULT_SITE"}
[info]    ▲ Next.js 15.3.8

[info]    - Environments: .env


[info]    Creating an optimized production build ...

[info]  ⚠ Compiled with warnings in 10.0s

./node_modules/vega-canvas/build/vega-canvas.node.module.js
Module not found: Can't resolve 'canvas' in '/home/user/studio/node_modules/vega-canvas/build'

Import trace for requested module:
./node_modules/vega-canvas/build/vega-canvas.node.module.js
./node_modules/vega-geo/build/vega-geo.module.js
./node_modules/vega/build/vega.module.js
./node_modules/vega-embed/build/src/embed.js
./node_modules/react-vega/esm/VegaEmbed.js
./node_modules/react-vega/esm/Vega.js
./node_modules/react-vega/esm/index.js
./src/components/dashboard/heatmap.tsx
./src/app/dashboard/test-heatmap/page.tsx

./src/app/about/page.tsx
Should not import the named export 'placeholderImages'.'0' (imported as 'placeholderImages') from default-exporting module (only default export is available soon)

Import trace for requested module:
./src/app/about/page.tsx


[info]  ✓ Compiled successfully in 21.0s

[info]    Skipping validation of types
   Skipping linting

[info]    Collecting page data ...

[info]    Generating static pages (0/9) ...

[info]    Generating static pages (2/9) 

[info]    Generating static pages (4/9) 
   Generating static pages (6/9) 
 ✓ Generating static pages (9/9)

[info]    Finalizing page optimization ...

[info]    Collecting build traces ...

[info] 

[info] Route (app)                                 Size  First Load JS
┌ ○ /                                      192 B         278 kB
├ ○ /_not-found                            978 B         102 kB
├ ○ /about                               5.49 kB         110 kB
├ ○ /dashboard                           1.75 kB         252 kB
├ ○ /dashboard/log                         193 B         278 kB
└ ○ /dashboard/test-heatmap              2.08 kB         111 kB
+ First Load JS shared by all             101 kB
  ├ chunks/4bd1b696-a25418325034b528.js  53.2 kB
  ├ chunks/684-6239a9c666a0bc02.js       46.1 kB
  └ other shared chunks (total)          2.02 kB


○  (Static)  prerendered as static content


[info] Building a Cloud Function to run this application. This is needed due to:
[info]  • Image Optimization
[info] 
[debug] [2026-02-20T04:34:39.118Z] Checked if tokens are valid: true, expires at: 1771565606236
[debug] [2026-02-20T04:34:39.121Z] Checked if tokens are valid: true, expires at: 1771565606236
[debug] [2026-02-20T04:34:39.121Z] >>> [apiv2][query] GET https://firebasehosting.googleapis.com/v1beta1/projects/mobilesignalmapper/sites/mobilesignalmapper [none]
[debug] [2026-02-20T04:34:39.529Z] <<< [apiv2][status] GET https://firebasehosting.googleapis.com/v1beta1/projects/mobilesignalmapper/sites/mobilesignalmapper 200
[debug] [2026-02-20T04:34:39.531Z] <<< [apiv2][body] GET https://firebasehosting.googleapis.com/v1beta1/projects/mobilesignalmapper/sites/mobilesignalmapper {"name":"projects/mobilesignalmapper/sites/mobilesignalmapper","defaultUrl":"https://mobilesignalmapper.web.app","appId":"1:185216844453:web:4819b2585c8a962295834c","type":"DEFAULT_SITE"}
[debug] [2026-02-20T04:34:58.559Z] [web frameworks] effective firebase.json:  {
  "hosting": [
    {
      "source": ".",
      "ignore": [
        "firebase.json",
        "**/.*",
        "**/node_modules/**"
      ],
      "site": "mobilesignalmapper",
      "rewrites": [
        {
          "source": "/**",
          "function": {
            "functionId": "ssrmobilesignalmapper",
            "region": "us-central1",
            "pinTag": true
          }
        }
      ],
      "redirects": [],
      "headers": [
        {
          "source": "/_not-found",
          "headers": [
            {
              "key": "x-nextjs-stale-time",
              "value": "300"
            },
            {
              "key": "x-nextjs-prerender",
              "value": "1"
            },
            {
              "key": "x-next-cache-tags",
              "value": "_N_T_/layout,_N_T_/_not-found/layout,_N_T_/_not-found/page,_N_T_/_not-found"
            }
          ]
        },
        {
          "source": "/favicon.ico",
          "headers": [
            {
              "key": "cache-control",
              "value": "public, max-age=0, must-revalidate"
            },
            {
              "key": "content-type",
              "value": "image/x-icon"
            },
            {
              "key": "x-next-cache-tags",
              "value": "_N_T_/layout,_N_T_/favicon.ico/layout,_N_T_/favicon.ico/route,_N_T_/favicon.ico"
            }
          ]
        },
        {
          "source": "/about",
          "headers": [
            {
              "key": "x-nextjs-stale-time",
              "value": "300"
            },
            {
              "key": "x-nextjs-prerender",
              "value": "1"
            },
            {
              "key": "x-next-cache-tags",
              "value": "_N_T_/layout,_N_T_/about/layout,_N_T_/about/page,_N_T_/about"
            }
          ]
        },
        {
          "source": "/dashboard/log",
          "headers": [
            {
              "key": "x-nextjs-stale-time",
              "value": "300"
            },
            {
              "key": "x-nextjs-prerender",
              "value": "1"
            },
            {
              "key": "x-next-cache-tags",
              "value": "_N_T_/layout,_N_T_/dashboard/layout,_N_T_/dashboard/log/layout,_N_T_/dashboard/log/page,_N_T_/dashboard/log"
            }
          ]
        },
        {
          "source": "/dashboard/test-heatmap",
          "headers": [
            {
              "key": "x-nextjs-stale-time",
              "value": "300"
            },
            {
              "key": "x-nextjs-prerender",
              "value": "1"
            },
            {
              "key": "x-next-cache-tags",
              "value": "_N_T_/layout,_N_T_/dashboard/layout,_N_T_/dashboard/test-heatmap/layout,_N_T_/dashboard/test-heatmap/page,_N_T_/dashboard/test-heatmap"
            }
          ]
        },
        {
          "source": "/dashboard",
          "headers": [
            {
              "key": "x-nextjs-stale-time",
              "value": "300"
            },
            {
              "key": "x-nextjs-prerender",
              "value": "1"
            },
            {
              "key": "x-next-cache-tags",
              "value": "_N_T_/layout,_N_T_/dashboard/layout,_N_T_/dashboard/page,_N_T_/dashboard"
            }
          ]
        },
        {
          "source": "/**/*.[jt]s",
          "headers": [
            {
              "key": "Set-Cookie",
              "value": "__FIREBASE_DEFAULTS__=eyJjb25maWciOnsicHJvamVjdElkIjoibW9iaWxlc2lnbmFsbWFwcGVyIiwiYXBwSWQiOiIxOjE4NTIxNjg0NDQ1Mzp3ZWI6NDgxOWIyNTg1YzhhOTYyMjk1ODM0YyIsInN0b3JhZ2VCdWNrZXQiOiJtb2JpbGVzaWduYWxtYXBwZXIuZmlyZWJhc2VzdG9yYWdlLmFwcCIsImFwaUtleSI6IkFJemFTeUFWMXUxOHZ2QTUzWk4xRzZGSnpoQ0w4OGhQWlJURzZCMCIsImF1dGhEb21haW4iOiJtb2JpbGVzaWduYWxtYXBwZXIuZmlyZWJhc2VhcHAuY29tIiwibWVzc2FnaW5nU2VuZGVySWQiOiIxODUyMTY4NDQ0NTMiLCJtZWFzdXJlbWVudElkIjoiRy01TE5HRFFDN0pIIiwicHJvamVjdE51bWJlciI6IjE4NTIxNjg0NDQ1MyIsInZlcnNpb24iOiIyIn0sIl9hdXRoVG9rZW5TeW5jVVJMIjoiL19fc2Vzc2lvbiJ9; SameSite=Strict; Expires=2028-01-15T15:14:58.559Z; Path=/;"
            }
          ]
        }
      ],
      "cleanUrls": true,
      "trailingSlash": false,
      "public": ".firebase/mobilesignalmapper/hosting",
      "webFramework": "next_ssr"
    }
  ],
  "functions": [
    {
      "source": ".firebase/mobilesignalmapper/functions",
      "codebase": "firebase-frameworks-mobilesignalmapper"
    }
  ]
}
[debug] [2026-02-20T04:34:58.562Z] > command requires scopes: ["email","openid","https://www.googleapis.com/auth/cloudplatformprojects.readonly","https://www.googleapis.com/auth/firebase","https://www.googleapis.com/auth/cloud-platform"]
[debug] [2026-02-20T04:34:58.563Z] > authorizing via signed-in user (dulani@gmail.com)
[debug] [2026-02-20T04:34:58.563Z] [iam] checking project mobilesignalmapper for permissions ["cloudfunctions.functions.create","cloudfunctions.functions.delete","cloudfunctions.functions.get","cloudfunctions.functions.list","cloudfunctions.functions.update","cloudfunctions.operations.get","firebase.projects.get"]
[debug] [2026-02-20T04:34:58.564Z] Checked if tokens are valid: true, expires at: 1771565606236
[debug] [2026-02-20T04:34:58.564Z] Checked if tokens are valid: true, expires at: 1771565606236
[debug] [2026-02-20T04:34:58.564Z] >>> [apiv2][query] POST https://cloudresourcemanager.googleapis.com/v1/projects/mobilesignalmapper:testIamPermissions [none]
[debug] [2026-02-20T04:34:58.564Z] >>> [apiv2][(partial)header] POST https://cloudresourcemanager.googleapis.com/v1/projects/mobilesignalmapper:testIamPermissions x-goog-quota-user=projects/mobilesignalmapper
[debug] [2026-02-20T04:34:58.564Z] >>> [apiv2][body] POST https://cloudresourcemanager.googleapis.com/v1/projects/mobilesignalmapper:testIamPermissions {"permissions":["cloudfunctions.functions.create","cloudfunctions.functions.delete","cloudfunctions.functions.get","cloudfunctions.functions.list","cloudfunctions.functions.update","cloudfunctions.operations.get","firebase.projects.get"]}
[debug] [2026-02-20T04:34:58.637Z] <<< [apiv2][status] POST https://cloudresourcemanager.googleapis.com/v1/projects/mobilesignalmapper:testIamPermissions 200
[debug] [2026-02-20T04:34:58.640Z] <<< [apiv2][body] POST https://cloudresourcemanager.googleapis.com/v1/projects/mobilesignalmapper:testIamPermissions {"permissions":["cloudfunctions.functions.create","cloudfunctions.functions.delete","cloudfunctions.functions.get","cloudfunctions.functions.list","cloudfunctions.functions.update","cloudfunctions.operations.get","firebase.projects.get"]}
[info] 
[info] === Deploying to 'mobilesignalmapper'...
[info] 
[info] i  deploying functions, firestore, hosting 
[debug] [2026-02-20T04:34:58.651Z] Checked if tokens are valid: true, expires at: 1771565606236
[debug] [2026-02-20T04:34:58.655Z] Checked if tokens are valid: true, expires at: 1771565606236
[debug] [2026-02-20T04:34:58.655Z] >>> [apiv2][query] GET https://cloudresourcemanager.googleapis.com/v1/projects/mobilesignalmapper [none]
[debug] [2026-02-20T04:34:58.736Z] <<< [apiv2][status] GET https://cloudresourcemanager.googleapis.com/v1/projects/mobilesignalmapper 200
[debug] [2026-02-20T04:34:58.738Z] <<< [apiv2][body] GET https://cloudresourcemanager.googleapis.com/v1/projects/mobilesignalmapper {"projectNumber":"185216844453","projectId":"mobilesignalmapper","lifecycleState":"ACTIVE","name":"mobilesignalmapper","labels":{"firebase":"enabled","firebase-core":"disabled"},"createTime":"2026-01-17T14:44:39.054787Z"}
[info] i  functions: preparing codebase firebase-frameworks-mobilesignalmapper for deployment 
[info] i  functions: ensuring required API cloudfunctions.googleapis.com is enabled... 
[debug] [2026-02-20T04:34:58.749Z] Checked if tokens are valid: true, expires at: 1771565606236
[debug] [2026-02-20T04:34:58.750Z] Checked if tokens are valid: true, expires at: 1771565606236
[debug] [2026-02-20T04:34:58.750Z] Checked if tokens are valid: true, expires at: 1771565606236
[debug] [2026-02-20T04:34:58.750Z] Checked if tokens are valid: true, expires at: 1771565606236
[info] i  functions: ensuring required API cloudbuild.googleapis.com is enabled... 
[debug] [2026-02-20T04:34:58.751Z] Checked if tokens are valid: true, expires at: 1771565606236
[debug] [2026-02-20T04:34:58.751Z] Checked if tokens are valid: true, expires at: 1771565606236
[info] i  artifactregistry: ensuring required API artifactregistry.googleapis.com is enabled... 
[debug] [2026-02-20T04:34:58.752Z] Checked if tokens are valid: true, expires at: 1771565606236
[debug] [2026-02-20T04:34:58.753Z] Checked if tokens are valid: true, expires at: 1771565606236
[debug] [2026-02-20T04:34:58.753Z] >>> [apiv2][query] GET https://serviceusage.googleapis.com/v1/projects/mobilesignalmapper/services/cloudfunctions.googleapis.com [none]
[debug] [2026-02-20T04:34:58.753Z] >>> [apiv2][(partial)header] GET https://serviceusage.googleapis.com/v1/projects/mobilesignalmapper/services/cloudfunctions.googleapis.com x-goog-quota-user=projects/mobilesignalmapper
[debug] [2026-02-20T04:34:58.757Z] >>> [apiv2][query] GET https://serviceusage.googleapis.com/v1/projects/mobilesignalmapper/services/runtimeconfig.googleapis.com [none]
[debug] [2026-02-20T04:34:58.759Z] >>> [apiv2][(partial)header] GET https://serviceusage.googleapis.com/v1/projects/mobilesignalmapper/services/runtimeconfig.googleapis.com x-goog-quota-user=projects/mobilesignalmapper
[debug] [2026-02-20T04:34:58.762Z] >>> [apiv2][query] GET https://serviceusage.googleapis.com/v1/projects/mobilesignalmapper/services/cloudbuild.googleapis.com [none]
[debug] [2026-02-20T04:34:58.762Z] >>> [apiv2][(partial)header] GET https://serviceusage.googleapis.com/v1/projects/mobilesignalmapper/services/cloudbuild.googleapis.com x-goog-quota-user=projects/mobilesignalmapper
[debug] [2026-02-20T04:34:58.764Z] >>> [apiv2][query] GET https://serviceusage.googleapis.com/v1/projects/mobilesignalmapper/services/artifactregistry.googleapis.com [none]
[debug] [2026-02-20T04:34:58.766Z] >>> [apiv2][(partial)header] GET https://serviceusage.googleapis.com/v1/projects/mobilesignalmapper/services/artifactregistry.googleapis.com x-goog-quota-user=projects/mobilesignalmapper
[debug] [2026-02-20T04:34:59.046Z] <<< [apiv2][status] GET https://serviceusage.googleapis.com/v1/projects/mobilesignalmapper/services/runtimeconfig.googleapis.com 200
[debug] [2026-02-20T04:34:59.046Z] <<< [apiv2][body] GET https://serviceusage.googleapis.com/v1/projects/mobilesignalmapper/services/runtimeconfig.googleapis.com [omitted]
[debug] [2026-02-20T04:34:59.083Z] <<< [apiv2][status] GET https://serviceusage.googleapis.com/v1/projects/mobilesignalmapper/services/cloudbuild.googleapis.com 200
[debug] [2026-02-20T04:34:59.088Z] <<< [apiv2][body] GET https://serviceusage.googleapis.com/v1/projects/mobilesignalmapper/services/cloudbuild.googleapis.com [omitted]
[info] ✔  functions: required API cloudbuild.googleapis.com is enabled 
[debug] [2026-02-20T04:34:59.104Z] <<< [apiv2][status] GET https://serviceusage.googleapis.com/v1/projects/mobilesignalmapper/services/cloudfunctions.googleapis.com 200
[debug] [2026-02-20T04:34:59.109Z] <<< [apiv2][body] GET https://serviceusage.googleapis.com/v1/projects/mobilesignalmapper/services/cloudfunctions.googleapis.com [omitted]
[info] ✔  functions: required API cloudfunctions.googleapis.com is enabled 
[debug] [2026-02-20T04:34:59.127Z] <<< [apiv2][status] GET https://serviceusage.googleapis.com/v1/projects/mobilesignalmapper/services/artifactregistry.googleapis.com 200
[debug] [2026-02-20T04:34:59.130Z] <<< [apiv2][body] GET https://serviceusage.googleapis.com/v1/projects/mobilesignalmapper/services/artifactregistry.googleapis.com [omitted]
[info] ✔  artifactregistry: required API artifactregistry.googleapis.com is enabled 
[debug] [2026-02-20T04:34:59.133Z] Checked if tokens are valid: true, expires at: 1771565606236
[debug] [2026-02-20T04:34:59.133Z] Checked if tokens are valid: true, expires at: 1771565606236
[debug] [2026-02-20T04:34:59.134Z] >>> [apiv2][query] GET https://firebase.googleapis.com/v1beta1/projects/mobilesignalmapper/adminSdkConfig [none]
[debug] [2026-02-20T04:34:59.318Z] <<< [apiv2][status] GET https://firebase.googleapis.com/v1beta1/projects/mobilesignalmapper/adminSdkConfig 200
[debug] [2026-02-20T04:34:59.325Z] <<< [apiv2][body] GET https://firebase.googleapis.com/v1beta1/projects/mobilesignalmapper/adminSdkConfig {"projectId":"mobilesignalmapper","storageBucket":"mobilesignalmapper.firebasestorage.app"}
[debug] [2026-02-20T04:34:59.329Z] Checked if tokens are valid: true, expires at: 1771565606236
[debug] [2026-02-20T04:34:59.329Z] Checked if tokens are valid: true, expires at: 1771565606236
[debug] [2026-02-20T04:34:59.329Z] >>> [apiv2][query] GET https://runtimeconfig.googleapis.com/v1beta1/projects/mobilesignalmapper/configs [none]
[debug] [2026-02-20T04:34:59.460Z] <<< [apiv2][status] GET https://runtimeconfig.googleapis.com/v1beta1/projects/mobilesignalmapper/configs 200
[debug] [2026-02-20T04:34:59.460Z] <<< [apiv2][body] GET https://runtimeconfig.googleapis.com/v1beta1/projects/mobilesignalmapper/configs {}
[debug] [2026-02-20T04:34:59.463Z] Validating nodejs source
[warn] ⚠  functions: Runtime Node.js 20 will be deprecated on 2026-04-30 and will be decommissioned on 2026-10-31, after which you will not be able to deploy without upgrading. Consider upgrading now to avoid disruption. See https://cloud.google.com/functions/docs/runtime-support for full details on the lifecycle policy 
[warn] ⚠  functions: package.json indicates an outdated version of firebase-functions. Please upgrade using npm install --save firebase-functions@latest in your functions directory. 
[warn] ⚠  functions: Please note that there will be breaking changes when you upgrade. 
[debug] [2026-02-20T04:35:00.233Z] > [functions] package.json contents: {
  "name": "nextn",
  "version": "0.1.0",
  "private": true,
  "dependencies": {
    "@hookform/resolvers": "^4.1.3",
    "@radix-ui/react-accordion": "^1.2.3",
    "@radix-ui/react-alert-dialog": "^1.1.6",
    "@radix-ui/react-avatar": "^1.1.3",
    "@radix-ui/react-checkbox": "^1.1.4",
    "@radix-ui/react-collapsible": "^1.1.11",
    "@radix-ui/react-dialog": "^1.1.6",
    "@radix-ui/react-dropdown-menu": "^2.1.6",
    "@radix-ui/react-label": "^2.1.2",
    "@radix-ui/react-menubar": "^1.1.6",
    "@radix-ui/react-popover": "^1.1.6",
    "@radix-ui/react-progress": "^1.1.2",
    "@radix-ui/react-radio-group": "^1.2.3",
    "@radix-ui/react-scroll-area": "^1.2.3",
    "@radix-ui/react-select": "^2.1.6",
    "@radix-ui/react-separator": "^1.1.2",
    "@radix-ui/react-slider": "^1.2.3",
    "@radix-ui/react-slot": "^1.2.3",
    "@radix-ui/react-switch": "^1.1.3",
    "@radix-ui/react-tabs": "^1.1.3",
    "@radix-ui/react-toast": "^1.2.6",
    "@radix-ui/react-tooltip": "^1.1.8",
    "class-variance-authority": "^0.7.1",
    "clsx": "^2.1.1",
    "date-fns": "^3.6.0",
    "embla-carousel-react": "^8.6.0",
    "firebase": "^11.9.1",
    "leaflet": "^1.9.4",
    "lucide-react": "^0.475.0",
    "next": "15.3.8",
    "patch-package": "^8.0.0",
    "react": "^18.3.1",
    "react-day-picker": "^8.10.1",
    "react-dom": "^18.3.1",
    "react-hook-form": "^7.54.2",
    "react-leaflet": "^4.2.1",
    "react-vega": "^7.6.0",
    "tailwind-merge": "^3.0.1",
    "tailwindcss-animate": "^1.0.7",
    "vega": "^5.29.0",
    "vega-lite": "^5.19.0",
    "zod": "^3.24.2",
    "sharp": "^0.32 || ^0.33",
    "firebase-frameworks": "^0.11.0",
    "firebase-functions": "^6.0.1",
    "firebase-admin": "^11.11.1"
  },
  "main": "server.js",
  "engines": {
    "node": "20"
  }
}
[debug] [2026-02-20T04:35:00.233Z] Building nodejs source
[info] i  functions: Loading and analyzing source code for codebase firebase-frameworks-mobilesignalmapper to determine what to deploy 
[debug] [2026-02-20T04:35:00.235Z] Could not find functions.yaml. Must use http discovery
[debug] [2026-02-20T04:35:00.251Z] Found firebase-functions binary at '/home/user/studio/.firebase/mobilesignalmapper/functions/node_modules/.bin/firebase-functions'
[info] Serving at port 8935

[debug] [2026-02-20T04:35:02.985Z] Got response from /__/functions.yaml {"endpoints":{"ssrmobilesignalmapper":{"availableMemoryMb":null,"timeoutSeconds":null,"minInstances":null,"maxInstances":null,"ingressSettings":null,"concurrency":null,"serviceAccountEmail":null,"vpc":null,"platform":"gcfv2","labels":{},"httpsTrigger":{},"entryPoint":"ssrmobilesignalmapper"}},"specVersion":"v1alpha1","requiredAPIs":[],"extensions":{}}
[info] i  extensions: ensuring required API firebaseextensions.googleapis.com is enabled... 
[debug] [2026-02-20T04:35:07.061Z] Checked if tokens are valid: true, expires at: 1771565606236
[debug] [2026-02-20T04:35:07.061Z] Checked if tokens are valid: true, expires at: 1771565606236
[debug] [2026-02-20T04:35:07.062Z] >>> [apiv2][query] GET https://serviceusage.googleapis.com/v1/projects/mobilesignalmapper/services/firebaseextensions.googleapis.com [none]
[debug] [2026-02-20T04:35:07.062Z] >>> [apiv2][(partial)header] GET https://serviceusage.googleapis.com/v1/projects/mobilesignalmapper/services/firebaseextensions.googleapis.com x-goog-quota-user=projects/mobilesignalmapper
[debug] [2026-02-20T04:35:07.585Z] <<< [apiv2][status] GET https://serviceusage.googleapis.com/v1/projects/mobilesignalmapper/services/firebaseextensions.googleapis.com 200
[debug] [2026-02-20T04:35:07.585Z] <<< [apiv2][body] GET https://serviceusage.googleapis.com/v1/projects/mobilesignalmapper/services/firebaseextensions.googleapis.com [omitted]
[info] ✔  extensions: required API firebaseextensions.googleapis.com is enabled 
[debug] [2026-02-20T04:35:07.586Z] > command requires scopes: ["email","openid","https://www.googleapis.com/auth/cloudplatformprojects.readonly","https://www.googleapis.com/auth/firebase","https://www.googleapis.com/auth/cloud-platform"]
[debug] [2026-02-20T04:35:07.586Z] > authorizing via signed-in user (dulani@gmail.com)
[debug] [2026-02-20T04:35:07.586Z] [iam] checking project mobilesignalmapper for permissions ["firebase.projects.get","firebaseextensions.instances.list"]
[debug] [2026-02-20T04:35:07.590Z] Checked if tokens are valid: true, expires at: 1771565606236
[debug] [2026-02-20T04:35:07.591Z] Checked if tokens are valid: true, expires at: 1771565606236
[debug] [2026-02-20T04:35:07.591Z] >>> [apiv2][query] POST https://cloudresourcemanager.googleapis.com/v1/projects/mobilesignalmapper:testIamPermissions [none]
[debug] [2026-02-20T04:35:07.591Z] >>> [apiv2][(partial)header] POST https://cloudresourcemanager.googleapis.com/v1/projects/mobilesignalmapper:testIamPermissions x-goog-quota-user=projects/mobilesignalmapper
[debug] [2026-02-20T04:35:07.591Z] >>> [apiv2][body] POST https://cloudresourcemanager.googleapis.com/v1/projects/mobilesignalmapper:testIamPermissions {"permissions":["firebase.projects.get","firebaseextensions.instances.list"]}
[debug] [2026-02-20T04:35:07.711Z] <<< [apiv2][status] POST https://cloudresourcemanager.googleapis.com/v1/projects/mobilesignalmapper:testIamPermissions 200
[debug] [2026-02-20T04:35:07.712Z] <<< [apiv2][body] POST https://cloudresourcemanager.googleapis.com/v1/projects/mobilesignalmapper:testIamPermissions {"permissions":["firebase.projects.get","firebaseextensions.instances.list"]}
[debug] [2026-02-20T04:35:07.712Z] Checked if tokens are valid: true, expires at: 1771565606236
[debug] [2026-02-20T04:35:07.712Z] Checked if tokens are valid: true, expires at: 1771565606236
[debug] [2026-02-20T04:35:07.713Z] >>> [apiv2][query] GET https://firebaseextensions.googleapis.com/v1beta/projects/mobilesignalmapper/instances pageSize=100&pageToken=
[debug] [2026-02-20T04:35:08.017Z] <<< [apiv2][status] GET https://firebaseextensions.googleapis.com/v1beta/projects/mobilesignalmapper/instances 200
[debug] [2026-02-20T04:35:08.024Z] <<< [apiv2][body] GET https://firebaseextensions.googleapis.com/v1beta/projects/mobilesignalmapper/instances {}
[info] i  functions: Loaded environment variables from .env. 
[info] i  functions: preparing .firebase/mobilesignalmapper/functions directory for uploading... 
[info] i  functions: packaged /home/user/studio/.firebase/mobilesignalmapper/functions (43.22 MB) for uploading 
[debug] [2026-02-20T04:35:18.466Z] Checked if tokens are valid: true, expires at: 1771565606236
[debug] [2026-02-20T04:35:18.481Z] Checked if tokens are valid: true, expires at: 1771565606236
[debug] [2026-02-20T04:35:18.481Z] >>> [apiv2][query] GET https://cloudfunctions.googleapis.com/v1/projects/mobilesignalmapper/locations/-/functions [none]
[debug] [2026-02-20T04:35:19.002Z] <<< [apiv2][status] GET https://cloudfunctions.googleapis.com/v1/projects/mobilesignalmapper/locations/-/functions 200
[debug] [2026-02-20T04:35:19.006Z] <<< [apiv2][body] GET https://cloudfunctions.googleapis.com/v1/projects/mobilesignalmapper/locations/-/functions {}
[debug] [2026-02-20T04:35:19.011Z] Checked if tokens are valid: true, expires at: 1771565606236
[debug] [2026-02-20T04:35:19.011Z] Checked if tokens are valid: true, expires at: 1771565606236
[debug] [2026-02-20T04:35:19.012Z] >>> [apiv2][query] GET https://cloudfunctions.googleapis.com/v2/projects/mobilesignalmapper/locations/-/functions filter=environment%3D%22GEN_2%22
[debug] [2026-02-20T04:35:19.512Z] <<< [apiv2][status] GET https://cloudfunctions.googleapis.com/v2/projects/mobilesignalmapper/locations/-/functions 200
[debug] [2026-02-20T04:35:19.516Z] <<< [apiv2][body] GET https://cloudfunctions.googleapis.com/v2/projects/mobilesignalmapper/locations/-/functions {"functions":[{"name":"projects/mobilesignalmapper/locations/us-central1/functions/ssrmobilesignalmapper","buildConfig":{"build":"projects/185216844453/locations/us-central1/builds/c2ddd398-f9c8-4328-9786-755edccfca8b","runtime":"nodejs20","entryPoint":"ssrmobilesignalmapper","source":{"storageSource":{"bucket":"gcf-v2-sources-185216844453-us-central1","object":"ssrmobilesignalmapper/function-source.zip","generation":"1771486550435076"}},"environmentVariables":{"GOOGLE_NODE_RUN_SCRIPTS":""},"dockerRepository":"projects/mobilesignalmapper/locations/us-central1/repositories/gcf-artifacts","sourceProvenance":{"resolvedStorageSource":{"bucket":"gcf-v2-sources-185216844453-us-central1","object":"ssrmobilesignalmapper/function-source.zip","generation":"1771486550435076"}},"dockerRegistry":"ARTIFACT_REGISTRY","serviceAccount":"projects/mobilesignalmapper/serviceAccounts/185216844453-compute@developer.gserviceaccount.com","automaticUpdatePolicy":{}},"serviceConfig":{"service":"projects/mobilesignalmapper/locations/us-central1/services/ssrmobilesignalmapper","timeoutSeconds":60,"environmentVariables":{"GEMINI_API_KEY":"","VERCEL_URL":"mobilesignalmapper.web.app","__FIREBASE_FRAMEWORKS_ENTRY__":"next.js","__FIREBASE_DEFAULTS__":"{\"config\":{\"projectId\":\"mobilesignalmapper\",\"appId\":\"1:185216844453:web:4819b2585c8a962295834c\",\"storageBucket\":\"mobilesignalmapper.firebasestorage.app\",\"apiKey\":\"AIzaSyAV1u18vvA53ZN1G6FJzhCL88hPZRTG6B0\",\"authDomain\":\"mobilesignalmapper.firebaseapp.com\",\"messagingSenderId\":\"185216844453\",\"measurementId\":\"G-5LNGDQC7JH\",\"projectNumber\":\"185216844453\",\"version\":\"2\"},\"_authTokenSyncURL\":\"/__session\"}","FIREBASE_CONFIG":"{\"projectId\":\"mobilesignalmapper\",\"storageBucket\":\"mobilesignalmapper.firebasestorage.app\"}","GCLOUD_PROJECT":"mobilesignalmapper","EVENTARC_CLOUD_EVENT_SOURCE":"projects/mobilesignalmapper/locations/us-central1/services/ssrmobilesignalmapper","FUNCTION_TARGET":"ssrmobilesignalmapper","LOG_EXECUTION_ID":"true"},"maxInstanceCount":20,"ingressSettings":"ALLOW_ALL","uri":"https://ssrmobilesignalmapper-a5ckdsquxq-uc.a.run.app","serviceAccountEmail":"185216844453-compute@developer.gserviceaccount.com","availableMemory":"256Mi","allTrafficOnLatestRevision":true,"revision":"ssrmobilesignalmapper-00015-hid","maxInstanceRequestConcurrency":80,"availableCpu":"1"},"state":"ACTIVE","updateTime":"2026-02-19T07:39:26.259095702Z","labels":{"firebase-functions-hash":"562fa754c0806253cf63b15d56ec825fa3c4e015","deployment-tool":"cli-firebase--project-idx","firebase-functions-codebase":"firebase-frameworks-mobilesignalmapper"},"environment":"GEN_2","url":"https://us-central1-mobilesignalmapper.cloudfunctions.net/ssrmobilesignalmapper","createTime":"2026-01-17T16:14:46.329897573Z","satisfiesPzi":true}]}
[info] i  functions: ensuring required API run.googleapis.com is enabled... 
[debug] [2026-02-20T04:35:19.527Z] Checked if tokens are valid: true, expires at: 1771565606236
[debug] [2026-02-20T04:35:19.527Z] Checked if tokens are valid: true, expires at: 1771565606236
[info] i  functions: ensuring required API eventarc.googleapis.com is enabled... 
[debug] [2026-02-20T04:35:19.528Z] Checked if tokens are valid: true, expires at: 1771565606236
[debug] [2026-02-20T04:35:19.528Z] Checked if tokens are valid: true, expires at: 1771565606236
[info] i  functions: ensuring required API pubsub.googleapis.com is enabled... 
[debug] [2026-02-20T04:35:19.528Z] Checked if tokens are valid: true, expires at: 1771565606236
[debug] [2026-02-20T04:35:19.528Z] Checked if tokens are valid: true, expires at: 1771565606236
[info] i  functions: ensuring required API storage.googleapis.com is enabled... 
[debug] [2026-02-20T04:35:19.528Z] Checked if tokens are valid: true, expires at: 1771565606236
[debug] [2026-02-20T04:35:19.528Z] Checked if tokens are valid: true, expires at: 1771565606236
[debug] [2026-02-20T04:35:19.529Z] >>> [apiv2][query] GET https://serviceusage.googleapis.com/v1/projects/mobilesignalmapper/services/run.googleapis.com [none]
[debug] [2026-02-20T04:35:19.529Z] >>> [apiv2][(partial)header] GET https://serviceusage.googleapis.com/v1/projects/mobilesignalmapper/services/run.googleapis.com x-goog-quota-user=projects/mobilesignalmapper
[debug] [2026-02-20T04:35:19.531Z] >>> [apiv2][query] GET https://serviceusage.googleapis.com/v1/projects/mobilesignalmapper/services/eventarc.googleapis.com [none]
[debug] [2026-02-20T04:35:19.531Z] >>> [apiv2][(partial)header] GET https://serviceusage.googleapis.com/v1/projects/mobilesignalmapper/services/eventarc.googleapis.com x-goog-quota-user=projects/mobilesignalmapper
[debug] [2026-02-20T04:35:19.533Z] >>> [apiv2][query] GET https://serviceusage.googleapis.com/v1/projects/mobilesignalmapper/services/pubsub.googleapis.com [none]
[debug] [2026-02-20T04:35:19.533Z] >>> [apiv2][(partial)header] GET https://serviceusage.googleapis.com/v1/projects/mobilesignalmapper/services/pubsub.googleapis.com x-goog-quota-user=projects/mobilesignalmapper
[debug] [2026-02-20T04:35:19.535Z] >>> [apiv2][query] GET https://serviceusage.googleapis.com/v1/projects/mobilesignalmapper/services/storage.googleapis.com [none]
[debug] [2026-02-20T04:35:19.535Z] >>> [apiv2][(partial)header] GET https://serviceusage.googleapis.com/v1/projects/mobilesignalmapper/services/storage.googleapis.com x-goog-quota-user=projects/mobilesignalmapper
[debug] [2026-02-20T04:35:19.793Z] <<< [apiv2][status] GET https://serviceusage.googleapis.com/v1/projects/mobilesignalmapper/services/run.googleapis.com 200
[debug] [2026-02-20T04:35:19.800Z] <<< [apiv2][body] GET https://serviceusage.googleapis.com/v1/projects/mobilesignalmapper/services/run.googleapis.com [omitted]
[info] ✔  functions: required API run.googleapis.com is enabled 
[debug] [2026-02-20T04:35:19.811Z] <<< [apiv2][status] GET https://serviceusage.googleapis.com/v1/projects/mobilesignalmapper/services/eventarc.googleapis.com 200
[debug] [2026-02-20T04:35:19.813Z] <<< [apiv2][body] GET https://serviceusage.googleapis.com/v1/projects/mobilesignalmapper/services/eventarc.googleapis.com [omitted]
[info] ✔  functions: required API eventarc.googleapis.com is enabled 
[debug] [2026-02-20T04:35:19.836Z] <<< [apiv2][status] GET https://serviceusage.googleapis.com/v1/projects/mobilesignalmapper/services/storage.googleapis.com 200
[debug] [2026-02-20T04:35:19.837Z] <<< [apiv2][body] GET https://serviceusage.googleapis.com/v1/projects/mobilesignalmapper/services/storage.googleapis.com [omitted]
[info] ✔  functions: required API storage.googleapis.com is enabled 
[debug] [2026-02-20T04:35:19.850Z] <<< [apiv2][status] GET https://serviceusage.googleapis.com/v1/projects/mobilesignalmapper/services/pubsub.googleapis.com 200
[debug] [2026-02-20T04:35:19.850Z] <<< [apiv2][body] GET https://serviceusage.googleapis.com/v1/projects/mobilesignalmapper/services/pubsub.googleapis.com [omitted]
[info] ✔  functions: required API pubsub.googleapis.com is enabled 
[info] i  functions: generating the service identity for pubsub.googleapis.com... 
[debug] [2026-02-20T04:35:19.863Z] Checked if tokens are valid: true, expires at: 1771565606236
[debug] [2026-02-20T04:35:19.863Z] Checked if tokens are valid: true, expires at: 1771565606236
[info] i  functions: generating the service identity for eventarc.googleapis.com... 
[debug] [2026-02-20T04:35:19.864Z] Checked if tokens are valid: true, expires at: 1771565606236
[debug] [2026-02-20T04:35:19.864Z] Checked if tokens are valid: true, expires at: 1771565606236
[debug] [2026-02-20T04:35:19.864Z] >>> [apiv2][query] POST https://serviceusage.googleapis.com/v1beta1/projects/185216844453/services/pubsub.googleapis.com:generateServiceIdentity [none]
[debug] [2026-02-20T04:35:19.865Z] >>> [apiv2][query] POST https://serviceusage.googleapis.com/v1beta1/projects/185216844453/services/eventarc.googleapis.com:generateServiceIdentity [none]
[debug] [2026-02-20T04:35:20.202Z] <<< [apiv2][status] POST https://serviceusage.googleapis.com/v1beta1/projects/185216844453/services/pubsub.googleapis.com:generateServiceIdentity 200
[debug] [2026-02-20T04:35:20.202Z] <<< [apiv2][body] POST https://serviceusage.googleapis.com/v1beta1/projects/185216844453/services/pubsub.googleapis.com:generateServiceIdentity {"name":"operations/finished.DONE_OPERATION","done":true,"response":{"@type":"type.googleapis.com/google.api.serviceusage.v1beta1.ServiceIdentity","email":"service-185216844453@gcp-sa-pubsub.iam.gserviceaccount.com","uniqueId":"107164436519648399350"}}
[debug] [2026-02-20T04:35:20.219Z] <<< [apiv2][status] POST https://serviceusage.googleapis.com/v1beta1/projects/185216844453/services/eventarc.googleapis.com:generateServiceIdentity 200
[debug] [2026-02-20T04:35:20.219Z] <<< [apiv2][body] POST https://serviceusage.googleapis.com/v1beta1/projects/185216844453/services/eventarc.googleapis.com:generateServiceIdentity {"name":"operations/finished.DONE_OPERATION","done":true,"response":{"@type":"type.googleapis.com/google.api.serviceusage.v1beta1.ServiceIdentity","email":"service-185216844453@gcp-sa-eventarc.iam.gserviceaccount.com","uniqueId":"101462477377964957373"}}
[debug] [2026-02-20T04:35:20.225Z] Checked if tokens are valid: true, expires at: 1771565606236
[debug] [2026-02-20T04:35:20.225Z] Checked if tokens are valid: true, expires at: 1771565606236
[debug] [2026-02-20T04:35:20.225Z] >>> [apiv2][query] GET https://cloudresourcemanager.googleapis.com/v1/projects/mobilesignalmapper [none]
[debug] [2026-02-20T04:35:20.344Z] <<< [apiv2][status] GET https://cloudresourcemanager.googleapis.com/v1/projects/mobilesignalmapper 200
[debug] [2026-02-20T04:35:20.348Z] <<< [apiv2][body] GET https://cloudresourcemanager.googleapis.com/v1/projects/mobilesignalmapper {"projectNumber":"185216844453","projectId":"mobilesignalmapper","lifecycleState":"ACTIVE","name":"mobilesignalmapper","labels":{"firebase":"enabled","firebase-core":"disabled"},"createTime":"2026-01-17T14:44:39.054787Z"}
[info] i  cloud.firestore: checking firestore.rules for compilation errors... 
[debug] [2026-02-20T04:35:20.355Z] Checked if tokens are valid: true, expires at: 1771565606236
[debug] [2026-02-20T04:35:20.355Z] Checked if tokens are valid: true, expires at: 1771565606236
[debug] [2026-02-20T04:35:20.355Z] >>> [apiv2][query] POST https://firebaserules.googleapis.com/v1/projects/mobilesignalmapper:test [none]
[debug] [2026-02-20T04:35:20.355Z] >>> [apiv2][body] POST https://firebaserules.googleapis.com/v1/projects/mobilesignalmapper:test [omitted]
[debug] [2026-02-20T04:35:20.558Z] <<< [apiv2][status] POST https://firebaserules.googleapis.com/v1/projects/mobilesignalmapper:test 200
[debug] [2026-02-20T04:35:20.558Z] <<< [apiv2][body] POST https://firebaserules.googleapis.com/v1/projects/mobilesignalmapper:test {}
[info] ✔  cloud.firestore: rules file firestore.rules compiled successfully 
[debug] [2026-02-20T04:35:20.582Z] Checked if tokens are valid: true, expires at: 1771565606236
[debug] [2026-02-20T04:35:20.582Z] Checked if tokens are valid: true, expires at: 1771565606236
[debug] [2026-02-20T04:35:20.582Z] >>> [apiv2][query] POST https://firebasehosting.googleapis.com/v1beta1/projects/-/sites/mobilesignalmapper/versions [none]
[debug] [2026-02-20T04:35:20.582Z] >>> [apiv2][body] POST https://firebasehosting.googleapis.com/v1beta1/projects/-/sites/mobilesignalmapper/versions {"status":"CREATED","labels":{"deployment-tool":"cli-firebase--project-idx","firebase-web-framework":"next_ssr"}}
[debug] [2026-02-20T04:35:21.429Z] <<< [apiv2][status] POST https://firebasehosting.googleapis.com/v1beta1/projects/-/sites/mobilesignalmapper/versions 200
[debug] [2026-02-20T04:35:21.429Z] <<< [apiv2][body] POST https://firebasehosting.googleapis.com/v1beta1/projects/-/sites/mobilesignalmapper/versions {"name":"projects/185216844453/sites/mobilesignalmapper/versions/3f0135511a3deaca","status":"CREATED","config":{},"labels":{"deployment-tool":"cli-firebase--project-idx","firebase-web-framework":"next_ssr"}}
[debug] [2026-02-20T04:35:21.434Z] Checked if tokens are valid: true, expires at: 1771565606236
[debug] [2026-02-20T04:35:21.435Z] Checked if tokens are valid: true, expires at: 1771565606236
[debug] [2026-02-20T04:35:21.435Z] >>> [apiv2][query] GET https://cloudbilling.googleapis.com/v1/projects/mobilesignalmapper/billingInfo [none]
[debug] [2026-02-20T04:35:21.612Z] <<< [apiv2][status] GET https://cloudbilling.googleapis.com/v1/projects/mobilesignalmapper/billingInfo 200
[debug] [2026-02-20T04:35:21.613Z] <<< [apiv2][body] GET https://cloudbilling.googleapis.com/v1/projects/mobilesignalmapper/billingInfo {"name":"projects/mobilesignalmapper/billingInfo","projectId":"mobilesignalmapper","billingAccountName":"billingAccounts/019E9B-E3EDEC-DB3F52","billingEnabled":true}
[debug] [2026-02-20T04:35:21.615Z] Checked if tokens are valid: true, expires at: 1771565606236
[debug] [2026-02-20T04:35:21.615Z] Checked if tokens are valid: true, expires at: 1771565606236
[debug] [2026-02-20T04:35:21.615Z] >>> [apiv2][query] POST https://cloudfunctions.googleapis.com/v2/projects/mobilesignalmapper/locations/us-central1/functions:generateUploadUrl [none]
[debug] [2026-02-20T04:35:21.865Z] <<< [apiv2][status] POST https://cloudfunctions.googleapis.com/v2/projects/mobilesignalmapper/locations/us-central1/functions:generateUploadUrl 200
[debug] [2026-02-20T04:35:21.865Z] <<< [apiv2][body] POST https://cloudfunctions.googleapis.com/v2/projects/mobilesignalmapper/locations/us-central1/functions:generateUploadUrl {"uploadUrl":"https://storage.googleapis.com/gcf-v2-uploads-185216844453.us-central1.cloudfunctions.appspot.com/f23bc228-8607-4ab5-9ab1-1cf137e87a11.zip?GoogleAccessId=service-185216844453@gcf-admin-robot.iam.gserviceaccount.com&Expires=1771563921&Signature=ZmnJB3zCB9l4iqN6mnrtPGCCmHO2jMWxBUj%2BbjiQyYu7zp4xSDvlWhrGRLO7QZPePk6uecj2iSpRoGn8W6BWH2A7E3TVvPJ2vTZDxHUzhi1nFK91Pk%2Bsct8cYzfztRo8AOBvpQ%2F%2F8lkXZiyPKZMgUREPcj7iirqjj3AGjoh3j2s%2FzPsu5k8SenzvVAZsgE4TlEOQnrNNZJp5XSjni8Y0MbOgua4rlWpR%2BGVfdMAHRvNRRvsmF8OxGIJLs26I5CS3GjnFURBGzlkMXE2OpNXzBOnpGtfOisRiFI5H5rtxgaSYUd4B6Ly2G4cnmlJDk8qpgPERJ1vjA5e3fHLZFut%2FKQ%3D%3D","storageSource":{"bucket":"gcf-v2-uploads-185216844453.us-central1.cloudfunctions.appspot.com","object":"f23bc228-8607-4ab5-9ab1-1cf137e87a11.zip"}}
[debug] [2026-02-20T04:35:21.871Z] >>> [apiv2][query] PUT https://storage.googleapis.com/gcf-v2-uploads-185216844453.us-central1.cloudfunctions.appspot.com/f23bc228-8607-4ab5-9ab1-1cf137e87a11.zip GoogleAccessId=service-185216844453%40gcf-admin-robot.iam.gserviceaccount.com&Expires=1771563921&Signature=ZmnJB3zCB9l4iqN6mnrtPGCCmHO2jMWxBUj%2BbjiQyYu7zp4xSDvlWhrGRLO7QZPePk6uecj2iSpRoGn8W6BWH2A7E3TVvPJ2vTZDxHUzhi1nFK91Pk%2Bsct8cYzfztRo8AOBvpQ%2F%2F8lkXZiyPKZMgUREPcj7iirqjj3AGjoh3j2s%2FzPsu5k8SenzvVAZsgE4TlEOQnrNNZJp5XSjni8Y0MbOgua4rlWpR%2BGVfdMAHRvNRRvsmF8OxGIJLs26I5CS3GjnFURBGzlkMXE2OpNXzBOnpGtfOisRiFI5H5rtxgaSYUd4B6Ly2G4cnmlJDk8qpgPERJ1vjA5e3fHLZFut%2FKQ%3D%3D
[debug] [2026-02-20T04:35:21.871Z] >>> [apiv2][body] PUT https://storage.googleapis.com/gcf-v2-uploads-185216844453.us-central1.cloudfunctions.appspot.com/f23bc228-8607-4ab5-9ab1-1cf137e87a11.zip [stream]
[debug] [2026-02-20T04:35:22.728Z] <<< [apiv2][status] PUT https://storage.googleapis.com/gcf-v2-uploads-185216844453.us-central1.cloudfunctions.appspot.com/f23bc228-8607-4ab5-9ab1-1cf137e87a11.zip 200
[debug] [2026-02-20T04:35:22.729Z] <<< [apiv2][body] PUT https://storage.googleapis.com/gcf-v2-uploads-185216844453.us-central1.cloudfunctions.appspot.com/f23bc228-8607-4ab5-9ab1-1cf137e87a11.zip [omitted]
[info] ✔  functions: .firebase/mobilesignalmapper/functions folder uploaded successfully 
[debug] [2026-02-20T04:35:22.732Z] Checked if tokens are valid: true, expires at: 1771565606236
[debug] [2026-02-20T04:35:22.734Z] Checked if tokens are valid: true, expires at: 1771565606236
[info] i  firestore: deploying indexes... 
[debug] [2026-02-20T04:35:22.736Z] >>> [apiv2][query] GET https://firebaserules.googleapis.com/v1/projects/mobilesignalmapper/releases pageSize=10&pageToken=
[debug] [2026-02-20T04:35:22.880Z] <<< [apiv2][status] GET https://firebaserules.googleapis.com/v1/projects/mobilesignalmapper/releases 200
[debug] [2026-02-20T04:35:22.880Z] <<< [apiv2][body] GET https://firebaserules.googleapis.com/v1/projects/mobilesignalmapper/releases {"releases":[{"name":"projects/mobilesignalmapper/releases/cloud.firestore","rulesetName":"projects/mobilesignalmapper/rulesets/3ff2c28d-2821-4f85-aea1-749ef42775c8","createTime":"2026-01-17T17:09:28.838266Z","updateTime":"2026-02-19T07:39:31.861783Z"}]}
[debug] [2026-02-20T04:35:22.880Z] Checked if tokens are valid: true, expires at: 1771565606236
[debug] [2026-02-20T04:35:22.881Z] Checked if tokens are valid: true, expires at: 1771565606236
[debug] [2026-02-20T04:35:22.881Z] >>> [apiv2][query] GET https://firebaserules.googleapis.com/v1/projects/mobilesignalmapper/rulesets/3ff2c28d-2821-4f85-aea1-749ef42775c8 [none]
[debug] [2026-02-20T04:35:23.030Z] <<< [apiv2][status] GET https://firebaserules.googleapis.com/v1/projects/mobilesignalmapper/rulesets/3ff2c28d-2821-4f85-aea1-749ef42775c8 200
[debug] [2026-02-20T04:35:23.030Z] <<< [apiv2][body] GET https://firebaserules.googleapis.com/v1/projects/mobilesignalmapper/rulesets/3ff2c28d-2821-4f85-aea1-749ef42775c8 [omitted]
[info] i  firestore: latest version of firestore.rules already up to date, skipping upload... 
[info] i  hosting[mobilesignalmapper]: beginning deploy... 
[info] i  hosting[mobilesignalmapper]: found 45 files in .firebase/mobilesignalmapper/hosting 
[debug] [2026-02-20T04:35:23.067Z] [hosting] uploading with 200 concurrency
[debug] [2026-02-20T04:35:23.375Z] Checked if tokens are valid: true, expires at: 1771565606236
[debug] [2026-02-20T04:35:23.375Z] Checked if tokens are valid: true, expires at: 1771565606236
[debug] [2026-02-20T04:35:23.377Z] [hosting] hash cache [LmZpcmViYXNlL21vYmlsZXNpZ25hbG1hcHBlci9ob3N0aW5n] stored for 45 files
[debug] [2026-02-20T04:35:23.377Z] [hosting][hash queue][FINAL] {"max":272,"min":113,"avg":167.15555555555557,"active":0,"complete":45,"success":45,"errored":0,"retried":0,"total":45,"elapsed":281}
[debug] [2026-02-20T04:35:23.378Z] >>> [apiv2][query] POST https://firebasehosting.googleapis.com/v1beta1/projects/185216844453/sites/mobilesignalmapper/versions/3f0135511a3deaca:populateFiles [none]
[debug] [2026-02-20T04:35:23.378Z] >>> [apiv2][body] POST https://firebasehosting.googleapis.com/v1beta1/projects/185216844453/sites/mobilesignalmapper/versions/3f0135511a3deaca:populateFiles {"files":{"/manifest.json":"538d96bf608ed936cdff96c0a29c7d6f1eaa0e22fb347fd16b1d6ca1ed06b7b0","/index.html":"321f04e00741ae570d0e42a8b4b154e7de1bb68afd3fc85f2c97822caff146a2","/dashboard.html":"9cbac40d431ce64fcfb5d112bc6f5ffd9b250b1e2969291e80e38d571ff30c2d","/404.html":"8dc80f7992358baad548ebd4b2a925667031dec80dbb99a7d282f68d63bacc54","/_next/static/duYTMUCbFOJka2-uoZAjU/_ssgManifest.js":"d8d8790f4e673a23bec506f00699bed8a258ac0e4965bb1ca8598172cfc0ec97","/_next/static/duYTMUCbFOJka2-uoZAjU/_buildManifest.js":"a3fd137d73b93b4e0eba501630f39bf99fc30c8808177ae02ec8133d9321ed59","/_next/static/chunks/webpack-88eb43df30424bf0.js":"17824221b3da70d15b87168e20e8b561156e1b02b216f12f5397963a78f0814e","/favicon.ico":"4cc07c033692d3869acb6d0e8e3dc34fd1fb50de5ed2bade791848b081072385","/dashboard/test-heatmap.html":"c570edd0b52c687db587c473b63df98edc4a744cf06fba5fa7f44e85a36d40e8","/_next/static/chunks/main-app-9f4f66c0efa5e0b9.js":"3a773d8f7c18877859c9a8b1b09eaf060d2bd104cc973cfd2f4ede72f5290fc6","/dashboard/log.html":"a98004b96df5bd25db603754401fcf45b107327097a59ed25856c669d70c6c23","/_next/static/css/42311ddb8bc856be.css":"4e42915b3be6ab81deaaaf9c1e5c9415b84ed056d90fb835271c41ec10dc1804","/_next/static/chunks/874-5853b36c417a5f43.js":"3d393416abcadebb01c5f0cd97269ffabe8442f8a17bca0755ab0a1a6d78b8eb","/_next/static/chunks/750.a7e360f1befce8e8.js":"5ff6dd3986c21908faf08eee143ede3d85653e8fa71e49fd5eb69ef920fa57e6","/about.html":"94f3d9ea78fd87257d75beb2e022c8e946e81cc7d28f20d95a734ac19af208be","/_next/static/chunks/725-76156d8a3f209307.js":"d4f417492a18c4a32da740051f8ce875073b45dc3fca30d5698f016f1fa4b63c","/_next/static/chunks/699-f78ef7028ba7d43b.js":"9a08e44a353867eee54e34efbbe6518fa791945d755306ff889f7729978d7c6e","/_next/static/chunks/840-c22817f3d92ac693.js":"f4f5a0e7cdc263474f3f4370d564743e658d1c9a6a92b0d30b67bfa44841f3d0","/_next/static/chunks/63-014f360dd6909e96.js":"97ddef54925ab96840823562f5cbe05bada1320e18b862121f305c1e5d589eaa","/_next/static/chunks/277-3d33c0df6fd4f386.js":"fac3dd3995efdb1e0ff85d332117f306464c99a03e4b321a9658f6dbe2a54bbf","/_next/static/chunks/369.a7e360f1befce8e8.js":"5ff6dd3986c21908faf08eee143ede3d85653e8fa71e49fd5eb69ef920fa57e6","/_next/static/chunks/pages/_error-cc3f077a18ea1793.js":"6a918a7a14193dc23625ca730300614ab2a5f76efe181170cba3459ffaf9423e","/_next/static/chunks/128-6d0526bd9e8561b1.js":"adf6f576b268aef8846c2151d169327fcab0b097bf6f713c69db1e6f3c6d26c1","/_next/static/chunks/pages/_app-da15c11dea942c36.js":"4bf5510be2e545b2681e80098f27b0fc508adef09de3a4d714a9fdbfdacaeaea","/_next/static/chunks/app/page-617ef26a1361749b.js":"b1e8fa0160d0991542b4e3555c5c6c80d6abc7fdc0f01851501df52c81cb97a6","/_next/static/chunks/app/dashboard/page-6b0934ad2fe084fb.js":"f96373b1d69f84ee59ea47c2c1da99fd6252aacf6464cb7c94b7334e40b34283","/_next/static/chunks/app/dashboard/layout-45fca07083023c07.js":"980ba1f9c1bab3861ec77b07f2f5add41ae50d8bb98739b3b91c0913d177a66c","/_next/static/chunks/app/dashboard/test-heatmap/page-478f051ed8e10a4e.js":"4c08684036297c737317668af729438e9f86b060d682dd21eb12281a976fdfad","/_next/static/chunks/app/dashboard/log/page-6dc1df9eaee17925.js":"f49b0e4209291a486a0bce94f89151046e1f25777ba2185bfe69cb0d9dad8d5d","/_next/static/chunks/app/about/page-6ac4fbc5effdb773.js":"08a1811d4e54a475666550362e68d948a7725b5faf4291b50c0c29a30d0e35fd","/_next/static/chunks/app/_not-found/page-7b137d85f9de4771.js":"5f7f3c25d2b0ab03bae88688313805ba1ba1e56c96273a253bcd54ab42b02bab","/_next/static/chunks/app/layout-4a3b97ccd0968d8f.js":"88efda82e406d0881b44838fe44ef11aef25452a2d702349489730af8e96b37b","/icon-512x512.png":"694534f30161b466778f5668b95a9fed61c8ddb7c889e4af248fdb7846828680","/icon-192x192.png":"694534f30161b466778f5668b95a9fed61c8ddb7c889e4af248fdb7846828680","/_next/static/chunks/446-98b5759e4d24e3ee.js":"cb3f6f632200d7ee00f2b0426ccd6d4dd9c9f2b85c5b29a7d1a9db00e248a3b0","/_next/static/chunks/ceb9e9aa-9a7cb8e1825bb9e1.js":"08bf0e2468313545dbf9c5519a8b15c4c1be12c4066496859ac598086ba7939f","/_next/static/chunks/633-c1828489726218b6.js":"1694ef3fa589c7ead37c1bdb9b0287aac869bb6c0860d6184efb61724b74fe74","/_next/static/chunks/main-ce8646d646f176e9.js":"b2aacf8a437dde9f3324828a9fb05bed23d13cdea5333d2fbcc5fb7f133d9b3e","/_next/static/chunks/406-92e209b6a5c2ca09.js":"3aebbcd727493a1961bc020bd5e2ee81949b89537e8177729c076d019915ba35","/_next/static/chunks/polyfills-42372ed130431b0a.js":"16c0f345b71fe8e15659e330817da31529a0b752ea1d0115262d9de75fa7c618","/_next/static/chunks/framework-6d868e9bc95e10d8.js":"09c21f1fcffb87864b229306a29f49a219ad97f159dfcbdd07256b75f61ad0c2","/_next/static/chunks/684-6239a9c666a0bc02.js":"3f192aaa105ade7d841c8bbf5e6acb1eaf7bb2ee39391292a84ed84ce0e36564","/_next/static/chunks/4bd1b696-a25418325034b528.js":"a3722f246a3efe44a66e01926e8ffc5e56969e1d90def8cf428d6ab7e6a1c7ff","/_next/static/chunks/bc9e92e6-a42b34daa78cb91e.js":"371f8d259d537381369b50d4d416879f0b2bc0410dd0fc486468b48fc85d78f4","/_next/static/chunks/652.14217119ff659839.js":"13b645777dc2934b2d525baa82965721daace96f5df8ffbf1f6262e05691896d"}}
[debug] [2026-02-20T04:35:24.015Z] <<< [apiv2][status] POST https://firebasehosting.googleapis.com/v1beta1/projects/185216844453/sites/mobilesignalmapper/versions/3f0135511a3deaca:populateFiles 200
[debug] [2026-02-20T04:35:24.017Z] <<< [apiv2][body] POST https://firebasehosting.googleapis.com/v1beta1/projects/185216844453/sites/mobilesignalmapper/versions/3f0135511a3deaca:populateFiles {"uploadRequiredHashes":["9cbac40d431ce64fcfb5d112bc6f5ffd9b250b1e2969291e80e38d571ff30c2d","17824221b3da70d15b87168e20e8b561156e1b02b216f12f5397963a78f0814e","adf6f576b268aef8846c2151d169327fcab0b097bf6f713c69db1e6f3c6d26c1","94f3d9ea78fd87257d75beb2e022c8e946e81cc7d28f20d95a734ac19af208be","4c08684036297c737317668af729438e9f86b060d682dd21eb12281a976fdfad","321f04e00741ae570d0e42a8b4b154e7de1bb68afd3fc85f2c97822caff146a2","a3fd137d73b93b4e0eba501630f39bf99fc30c8808177ae02ec8133d9321ed59","f49b0e4209291a486a0bce94f89151046e1f25777ba2185bfe69cb0d9dad8d5d","4e42915b3be6ab81deaaaf9c1e5c9415b84ed056d90fb835271c41ec10dc1804","f4f5a0e7cdc263474f3f4370d564743e658d1c9a6a92b0d30b67bfa44841f3d0","88efda82e406d0881b44838fe44ef11aef25452a2d702349489730af8e96b37b","fac3dd3995efdb1e0ff85d332117f306464c99a03e4b321a9658f6dbe2a54bbf","c570edd0b52c687db587c473b63df98edc4a744cf06fba5fa7f44e85a36d40e8","1694ef3fa589c7ead37c1bdb9b0287aac869bb6c0860d6184efb61724b74fe74","f96373b1d69f84ee59ea47c2c1da99fd6252aacf6464cb7c94b7334e40b34283","8dc80f7992358baad548ebd4b2a925667031dec80dbb99a7d282f68d63bacc54","b1e8fa0160d0991542b4e3555c5c6c80d6abc7fdc0f01851501df52c81cb97a6","5ff6dd3986c21908faf08eee143ede3d85653e8fa71e49fd5eb69ef920fa57e6","a98004b96df5bd25db603754401fcf45b107327097a59ed25856c669d70c6c23"],"uploadUrl":"https://upload-firebasehosting.googleapis.com/upload/sites/mobilesignalmapper/versions/3f0135511a3deaca/files"}
[debug] [2026-02-20T04:35:24.019Z] Checked if tokens are valid: true, expires at: 1771565606236
[debug] [2026-02-20T04:35:24.019Z] Checked if tokens are valid: true, expires at: 1771565606236
[debug] [2026-02-20T04:35:24.019Z] Checked if tokens are valid: true, expires at: 1771565606236
[debug] [2026-02-20T04:35:24.021Z] Checked if tokens are valid: true, expires at: 1771565606236
[debug] [2026-02-20T04:35:24.022Z] Checked if tokens are valid: true, expires at: 1771565606236
[debug] [2026-02-20T04:35:24.022Z] Checked if tokens are valid: true, expires at: 1771565606236
[debug] [2026-02-20T04:35:24.022Z] Checked if tokens are valid: true, expires at: 1771565606236
[debug] [2026-02-20T04:35:24.022Z] Checked if tokens are valid: true, expires at: 1771565606236
[debug] [2026-02-20T04:35:24.023Z] Checked if tokens are valid: true, expires at: 1771565606236
[debug] [2026-02-20T04:35:24.023Z] Checked if tokens are valid: true, expires at: 1771565606236
[debug] [2026-02-20T04:35:24.023Z] Checked if tokens are valid: true, expires at: 1771565606236
[debug] [2026-02-20T04:35:24.023Z] Checked if tokens are valid: true, expires at: 1771565606236
[debug] [2026-02-20T04:35:24.023Z] Checked if tokens are valid: true, expires at: 1771565606236
[debug] [2026-02-20T04:35:24.023Z] Checked if tokens are valid: true, expires at: 1771565606236
[debug] [2026-02-20T04:35:24.025Z] Checked if tokens are valid: true, expires at: 1771565606236
[debug] [2026-02-20T04:35:24.025Z] Checked if tokens are valid: true, expires at: 1771565606236
[debug] [2026-02-20T04:35:24.025Z] Checked if tokens are valid: true, expires at: 1771565606236
[debug] [2026-02-20T04:35:24.025Z] Checked if tokens are valid: true, expires at: 1771565606236
[debug] [2026-02-20T04:35:24.025Z] Checked if tokens are valid: true, expires at: 1771565606236
[debug] [2026-02-20T04:35:24.026Z] Checked if tokens are valid: true, expires at: 1771565606236
[debug] [2026-02-20T04:35:24.026Z] Checked if tokens are valid: true, expires at: 1771565606236
[debug] [2026-02-20T04:35:24.026Z] Checked if tokens are valid: true, expires at: 1771565606236
[debug] [2026-02-20T04:35:24.026Z] Checked if tokens are valid: true, expires at: 1771565606236
[debug] [2026-02-20T04:35:24.026Z] Checked if tokens are valid: true, expires at: 1771565606236
[debug] [2026-02-20T04:35:24.031Z] Checked if tokens are valid: true, expires at: 1771565606236
[debug] [2026-02-20T04:35:24.031Z] Checked if tokens are valid: true, expires at: 1771565606236
[debug] [2026-02-20T04:35:24.031Z] Checked if tokens are valid: true, expires at: 1771565606236
[debug] [2026-02-20T04:35:24.031Z] Checked if tokens are valid: true, expires at: 1771565606236
[debug] [2026-02-20T04:35:24.031Z] Checked if tokens are valid: true, expires at: 1771565606236
[debug] [2026-02-20T04:35:24.031Z] Checked if tokens are valid: true, expires at: 1771565606236
[debug] [2026-02-20T04:35:24.032Z] Checked if tokens are valid: true, expires at: 1771565606236
[debug] [2026-02-20T04:35:24.032Z] Checked if tokens are valid: true, expires at: 1771565606236
[debug] [2026-02-20T04:35:24.032Z] Checked if tokens are valid: true, expires at: 1771565606236
[debug] [2026-02-20T04:35:24.032Z] Checked if tokens are valid: true, expires at: 1771565606236
[debug] [2026-02-20T04:35:24.032Z] Checked if tokens are valid: true, expires at: 1771565606236
[debug] [2026-02-20T04:35:24.032Z] Checked if tokens are valid: true, expires at: 1771565606236
[debug] [2026-02-20T04:35:24.034Z] Checked if tokens are valid: true, expires at: 1771565606236
[debug] [2026-02-20T04:35:24.034Z] Checked if tokens are valid: true, expires at: 1771565606236
[debug] [2026-02-20T04:35:24.035Z] >>> [apiv2][query] POST https://upload-firebasehosting.googleapis.com/upload/sites/mobilesignalmapper/versions/3f0135511a3deaca/files/9cbac40d431ce64fcfb5d112bc6f5ffd9b250b1e2969291e80e38d571ff30c2d [none]
[debug] [2026-02-20T04:35:24.035Z] >>> [apiv2][body] POST https://upload-firebasehosting.googleapis.com/upload/sites/mobilesignalmapper/versions/3f0135511a3deaca/files/9cbac40d431ce64fcfb5d112bc6f5ffd9b250b1e2969291e80e38d571ff30c2d [stream]
[debug] [2026-02-20T04:35:24.040Z] >>> [apiv2][query] POST https://upload-firebasehosting.googleapis.com/upload/sites/mobilesignalmapper/versions/3f0135511a3deaca/files/17824221b3da70d15b87168e20e8b561156e1b02b216f12f5397963a78f0814e [none]
[debug] [2026-02-20T04:35:24.040Z] >>> [apiv2][body] POST https://upload-firebasehosting.googleapis.com/upload/sites/mobilesignalmapper/versions/3f0135511a3deaca/files/17824221b3da70d15b87168e20e8b561156e1b02b216f12f5397963a78f0814e [stream]
[debug] [2026-02-20T04:35:24.042Z] >>> [apiv2][query] POST https://upload-firebasehosting.googleapis.com/upload/sites/mobilesignalmapper/versions/3f0135511a3deaca/files/adf6f576b268aef8846c2151d169327fcab0b097bf6f713c69db1e6f3c6d26c1 [none]
[debug] [2026-02-20T04:35:24.043Z] >>> [apiv2][body] POST https://upload-firebasehosting.googleapis.com/upload/sites/mobilesignalmapper/versions/3f0135511a3deaca/files/adf6f576b268aef8846c2151d169327fcab0b097bf6f713c69db1e6f3c6d26c1 [stream]
[debug] [2026-02-20T04:35:24.044Z] >>> [apiv2][query] POST https://upload-firebasehosting.googleapis.com/upload/sites/mobilesignalmapper/versions/3f0135511a3deaca/files/94f3d9ea78fd87257d75beb2e022c8e946e81cc7d28f20d95a734ac19af208be [none]
[debug] [2026-02-20T04:35:24.044Z] >>> [apiv2][body] POST https://upload-firebasehosting.googleapis.com/upload/sites/mobilesignalmapper/versions/3f0135511a3deaca/files/94f3d9ea78fd87257d75beb2e022c8e946e81cc7d28f20d95a734ac19af208be [stream]
[debug] [2026-02-20T04:35:24.045Z] >>> [apiv2][query] POST https://upload-firebasehosting.googleapis.com/upload/sites/mobilesignalmapper/versions/3f0135511a3deaca/files/4c08684036297c737317668af729438e9f86b060d682dd21eb12281a976fdfad [none]
[debug] [2026-02-20T04:35:24.045Z] >>> [apiv2][body] POST https://upload-firebasehosting.googleapis.com/upload/sites/mobilesignalmapper/versions/3f0135511a3deaca/files/4c08684036297c737317668af729438e9f86b060d682dd21eb12281a976fdfad [stream]
[debug] [2026-02-20T04:35:24.046Z] >>> [apiv2][query] POST https://upload-firebasehosting.googleapis.com/upload/sites/mobilesignalmapper/versions/3f0135511a3deaca/files/321f04e00741ae570d0e42a8b4b154e7de1bb68afd3fc85f2c97822caff146a2 [none]
[debug] [2026-02-20T04:35:24.046Z] >>> [apiv2][body] POST https://upload-firebasehosting.googleapis.com/upload/sites/mobilesignalmapper/versions/3f0135511a3deaca/files/321f04e00741ae570d0e42a8b4b154e7de1bb68afd3fc85f2c97822caff146a2 [stream]
[debug] [2026-02-20T04:35:24.048Z] >>> [apiv2][query] POST https://upload-firebasehosting.googleapis.com/upload/sites/mobilesignalmapper/versions/3f0135511a3deaca/files/a3fd137d73b93b4e0eba501630f39bf99fc30c8808177ae02ec8133d9321ed59 [none]
[debug] [2026-02-20T04:35:24.048Z] >>> [apiv2][body] POST https://upload-firebasehosting.googleapis.com/upload/sites/mobilesignalmapper/versions/3f0135511a3deaca/files/a3fd137d73b93b4e0eba501630f39bf99fc30c8808177ae02ec8133d9321ed59 [stream]
[debug] [2026-02-20T04:35:24.049Z] >>> [apiv2][query] POST https://upload-firebasehosting.googleapis.com/upload/sites/mobilesignalmapper/versions/3f0135511a3deaca/files/f49b0e4209291a486a0bce94f89151046e1f25777ba2185bfe69cb0d9dad8d5d [none]
[debug] [2026-02-20T04:35:24.049Z] >>> [apiv2][body] POST https://upload-firebasehosting.googleapis.com/upload/sites/mobilesignalmapper/versions/3f0135511a3deaca/files/f49b0e4209291a486a0bce94f89151046e1f25777ba2185bfe69cb0d9dad8d5d [stream]
[debug] [2026-02-20T04:35:24.050Z] >>> [apiv2][query] POST https://upload-firebasehosting.googleapis.com/upload/sites/mobilesignalmapper/versions/3f0135511a3deaca/files/4e42915b3be6ab81deaaaf9c1e5c9415b84ed056d90fb835271c41ec10dc1804 [none]
[debug] [2026-02-20T04:35:24.050Z] >>> [apiv2][body] POST https://upload-firebasehosting.googleapis.com/upload/sites/mobilesignalmapper/versions/3f0135511a3deaca/files/4e42915b3be6ab81deaaaf9c1e5c9415b84ed056d90fb835271c41ec10dc1804 [stream]
[debug] [2026-02-20T04:35:24.051Z] >>> [apiv2][query] POST https://upload-firebasehosting.googleapis.com/upload/sites/mobilesignalmapper/versions/3f0135511a3deaca/files/f4f5a0e7cdc263474f3f4370d564743e658d1c9a6a92b0d30b67bfa44841f3d0 [none]
[debug] [2026-02-20T04:35:24.052Z] >>> [apiv2][body] POST https://upload-firebasehosting.googleapis.com/upload/sites/mobilesignalmapper/versions/3f0135511a3deaca/files/f4f5a0e7cdc263474f3f4370d564743e658d1c9a6a92b0d30b67bfa44841f3d0 [stream]
[debug] [2026-02-20T04:35:24.053Z] >>> [apiv2][query] POST https://upload-firebasehosting.googleapis.com/upload/sites/mobilesignalmapper/versions/3f0135511a3deaca/files/88efda82e406d0881b44838fe44ef11aef25452a2d702349489730af8e96b37b [none]
[debug] [2026-02-20T04:35:24.053Z] >>> [apiv2][body] POST https://upload-firebasehosting.googleapis.com/upload/sites/mobilesignalmapper/versions/3f0135511a3deaca/files/88efda82e406d0881b44838fe44ef11aef25452a2d702349489730af8e96b37b [stream]
[debug] [2026-02-20T04:35:24.055Z] >>> [apiv2][query] POST https://upload-firebasehosting.googleapis.com/upload/sites/mobilesignalmapper/versions/3f0135511a3deaca/files/fac3dd3995efdb1e0ff85d332117f306464c99a03e4b321a9658f6dbe2a54bbf [none]
[debug] [2026-02-20T04:35:24.056Z] >>> [apiv2][body] POST https://upload-firebasehosting.googleapis.com/upload/sites/mobilesignalmapper/versions/3f0135511a3deaca/files/fac3dd3995efdb1e0ff85d332117f306464c99a03e4b321a9658f6dbe2a54bbf [stream]
[debug] [2026-02-20T04:35:24.057Z] >>> [apiv2][query] POST https://upload-firebasehosting.googleapis.com/upload/sites/mobilesignalmapper/versions/3f0135511a3deaca/files/c570edd0b52c687db587c473b63df98edc4a744cf06fba5fa7f44e85a36d40e8 [none]
[debug] [2026-02-20T04:35:24.057Z] >>> [apiv2][body] POST https://upload-firebasehosting.googleapis.com/upload/sites/mobilesignalmapper/versions/3f0135511a3deaca/files/c570edd0b52c687db587c473b63df98edc4a744cf06fba5fa7f44e85a36d40e8 [stream]
[debug] [2026-02-20T04:35:24.058Z] >>> [apiv2][query] POST https://upload-firebasehosting.googleapis.com/upload/sites/mobilesignalmapper/versions/3f0135511a3deaca/files/1694ef3fa589c7ead37c1bdb9b0287aac869bb6c0860d6184efb61724b74fe74 [none]
[debug] [2026-02-20T04:35:24.058Z] >>> [apiv2][body] POST https://upload-firebasehosting.googleapis.com/upload/sites/mobilesignalmapper/versions/3f0135511a3deaca/files/1694ef3fa589c7ead37c1bdb9b0287aac869bb6c0860d6184efb61724b74fe74 [stream]
[debug] [2026-02-20T04:35:24.059Z] >>> [apiv2][query] POST https://upload-firebasehosting.googleapis.com/upload/sites/mobilesignalmapper/versions/3f0135511a3deaca/files/f96373b1d69f84ee59ea47c2c1da99fd6252aacf6464cb7c94b7334e40b34283 [none]
[debug] [2026-02-20T04:35:24.059Z] >>> [apiv2][body] POST https://upload-firebasehosting.googleapis.com/upload/sites/mobilesignalmapper/versions/3f0135511a3deaca/files/f96373b1d69f84ee59ea47c2c1da99fd6252aacf6464cb7c94b7334e40b34283 [stream]
[debug] [2026-02-20T04:35:24.060Z] >>> [apiv2][query] POST https://upload-firebasehosting.googleapis.com/upload/sites/mobilesignalmapper/versions/3f0135511a3deaca/files/8dc80f7992358baad548ebd4b2a925667031dec80dbb99a7d282f68d63bacc54 [none]
[debug] [2026-02-20T04:35:24.061Z] >>> [apiv2][body] POST https://upload-firebasehosting.googleapis.com/upload/sites/mobilesignalmapper/versions/3f0135511a3deaca/files/8dc80f7992358baad548ebd4b2a925667031dec80dbb99a7d282f68d63bacc54 [stream]
[debug] [2026-02-20T04:35:24.062Z] >>> [apiv2][query] POST https://upload-firebasehosting.googleapis.com/upload/sites/mobilesignalmapper/versions/3f0135511a3deaca/files/b1e8fa0160d0991542b4e3555c5c6c80d6abc7fdc0f01851501df52c81cb97a6 [none]
[debug] [2026-02-20T04:35:24.062Z] >>> [apiv2][body] POST https://upload-firebasehosting.googleapis.com/upload/sites/mobilesignalmapper/versions/3f0135511a3deaca/files/b1e8fa0160d0991542b4e3555c5c6c80d6abc7fdc0f01851501df52c81cb97a6 [stream]
[debug] [2026-02-20T04:35:24.063Z] >>> [apiv2][query] POST https://upload-firebasehosting.googleapis.com/upload/sites/mobilesignalmapper/versions/3f0135511a3deaca/files/5ff6dd3986c21908faf08eee143ede3d85653e8fa71e49fd5eb69ef920fa57e6 [none]
[debug] [2026-02-20T04:35:24.063Z] >>> [apiv2][body] POST https://upload-firebasehosting.googleapis.com/upload/sites/mobilesignalmapper/versions/3f0135511a3deaca/files/5ff6dd3986c21908faf08eee143ede3d85653e8fa71e49fd5eb69ef920fa57e6 [stream]
[debug] [2026-02-20T04:35:24.064Z] >>> [apiv2][query] POST https://upload-firebasehosting.googleapis.com/upload/sites/mobilesignalmapper/versions/3f0135511a3deaca/files/a98004b96df5bd25db603754401fcf45b107327097a59ed25856c669d70c6c23 [none]
[debug] [2026-02-20T04:35:24.064Z] >>> [apiv2][body] POST https://upload-firebasehosting.googleapis.com/upload/sites/mobilesignalmapper/versions/3f0135511a3deaca/files/a98004b96df5bd25db603754401fcf45b107327097a59ed25856c669d70c6c23 [stream]
[debug] [2026-02-20T04:35:24.065Z] [hosting][populate queue][FINAL] {"max":660,"min":660,"avg":660,"active":0,"complete":1,"success":1,"errored":0,"retried":0,"total":1,"elapsed":690}
[debug] [2026-02-20T04:35:24.065Z] [hosting] uploads queued: 19
[debug] [2026-02-20T04:35:24.570Z] <<< [apiv2][status] POST https://upload-firebasehosting.googleapis.com/upload/sites/mobilesignalmapper/versions/3f0135511a3deaca/files/8dc80f7992358baad548ebd4b2a925667031dec80dbb99a7d282f68d63bacc54 200
[debug] [2026-02-20T04:35:24.571Z] <<< [apiv2][body] POST https://upload-firebasehosting.googleapis.com/upload/sites/mobilesignalmapper/versions/3f0135511a3deaca/files/8dc80f7992358baad548ebd4b2a925667031dec80dbb99a7d282f68d63bacc54 [stream]
[debug] [2026-02-20T04:35:24.576Z] <<< [apiv2][status] POST https://upload-firebasehosting.googleapis.com/upload/sites/mobilesignalmapper/versions/3f0135511a3deaca/files/b1e8fa0160d0991542b4e3555c5c6c80d6abc7fdc0f01851501df52c81cb97a6 200
[debug] [2026-02-20T04:35:24.576Z] <<< [apiv2][body] POST https://upload-firebasehosting.googleapis.com/upload/sites/mobilesignalmapper/versions/3f0135511a3deaca/files/b1e8fa0160d0991542b4e3555c5c6c80d6abc7fdc0f01851501df52c81cb97a6 [stream]
[debug] [2026-02-20T04:35:24.581Z] <<< [apiv2][status] POST https://upload-firebasehosting.googleapis.com/upload/sites/mobilesignalmapper/versions/3f0135511a3deaca/files/adf6f576b268aef8846c2151d169327fcab0b097bf6f713c69db1e6f3c6d26c1 200
[debug] [2026-02-20T04:35:24.581Z] <<< [apiv2][body] POST https://upload-firebasehosting.googleapis.com/upload/sites/mobilesignalmapper/versions/3f0135511a3deaca/files/adf6f576b268aef8846c2151d169327fcab0b097bf6f713c69db1e6f3c6d26c1 [stream]
[debug] [2026-02-20T04:35:24.582Z] <<< [apiv2][status] POST https://upload-firebasehosting.googleapis.com/upload/sites/mobilesignalmapper/versions/3f0135511a3deaca/files/9cbac40d431ce64fcfb5d112bc6f5ffd9b250b1e2969291e80e38d571ff30c2d 200
[debug] [2026-02-20T04:35:24.582Z] <<< [apiv2][body] POST https://upload-firebasehosting.googleapis.com/upload/sites/mobilesignalmapper/versions/3f0135511a3deaca/files/9cbac40d431ce64fcfb5d112bc6f5ffd9b250b1e2969291e80e38d571ff30c2d [stream]
[debug] [2026-02-20T04:35:24.584Z] <<< [apiv2][status] POST https://upload-firebasehosting.googleapis.com/upload/sites/mobilesignalmapper/versions/3f0135511a3deaca/files/fac3dd3995efdb1e0ff85d332117f306464c99a03e4b321a9658f6dbe2a54bbf 200
[debug] [2026-02-20T04:35:24.584Z] <<< [apiv2][body] POST https://upload-firebasehosting.googleapis.com/upload/sites/mobilesignalmapper/versions/3f0135511a3deaca/files/fac3dd3995efdb1e0ff85d332117f306464c99a03e4b321a9658f6dbe2a54bbf [stream]
[debug] [2026-02-20T04:35:24.585Z] <<< [apiv2][status] POST https://upload-firebasehosting.googleapis.com/upload/sites/mobilesignalmapper/versions/3f0135511a3deaca/files/94f3d9ea78fd87257d75beb2e022c8e946e81cc7d28f20d95a734ac19af208be 200
[debug] [2026-02-20T04:35:24.585Z] <<< [apiv2][body] POST https://upload-firebasehosting.googleapis.com/upload/sites/mobilesignalmapper/versions/3f0135511a3deaca/files/94f3d9ea78fd87257d75beb2e022c8e946e81cc7d28f20d95a734ac19af208be [stream]
[debug] [2026-02-20T04:35:24.603Z] <<< [apiv2][status] POST https://upload-firebasehosting.googleapis.com/upload/sites/mobilesignalmapper/versions/3f0135511a3deaca/files/4e42915b3be6ab81deaaaf9c1e5c9415b84ed056d90fb835271c41ec10dc1804 200
[debug] [2026-02-20T04:35:24.603Z] <<< [apiv2][body] POST https://upload-firebasehosting.googleapis.com/upload/sites/mobilesignalmapper/versions/3f0135511a3deaca/files/4e42915b3be6ab81deaaaf9c1e5c9415b84ed056d90fb835271c41ec10dc1804 [stream]
[debug] [2026-02-20T04:35:24.634Z] <<< [apiv2][status] POST https://upload-firebasehosting.googleapis.com/upload/sites/mobilesignalmapper/versions/3f0135511a3deaca/files/f4f5a0e7cdc263474f3f4370d564743e658d1c9a6a92b0d30b67bfa44841f3d0 200
[debug] [2026-02-20T04:35:24.634Z] <<< [apiv2][body] POST https://upload-firebasehosting.googleapis.com/upload/sites/mobilesignalmapper/versions/3f0135511a3deaca/files/f4f5a0e7cdc263474f3f4370d564743e658d1c9a6a92b0d30b67bfa44841f3d0 [stream]
[debug] [2026-02-20T04:35:24.646Z] <<< [apiv2][status] POST https://upload-firebasehosting.googleapis.com/upload/sites/mobilesignalmapper/versions/3f0135511a3deaca/files/5ff6dd3986c21908faf08eee143ede3d85653e8fa71e49fd5eb69ef920fa57e6 200
[debug] [2026-02-20T04:35:24.648Z] <<< [apiv2][body] POST https://upload-firebasehosting.googleapis.com/upload/sites/mobilesignalmapper/versions/3f0135511a3deaca/files/5ff6dd3986c21908faf08eee143ede3d85653e8fa71e49fd5eb69ef920fa57e6 [stream]
[debug] [2026-02-20T04:35:24.718Z] <<< [apiv2][status] POST https://upload-firebasehosting.googleapis.com/upload/sites/mobilesignalmapper/versions/3f0135511a3deaca/files/a98004b96df5bd25db603754401fcf45b107327097a59ed25856c669d70c6c23 200
[debug] [2026-02-20T04:35:24.719Z] <<< [apiv2][body] POST https://upload-firebasehosting.googleapis.com/upload/sites/mobilesignalmapper/versions/3f0135511a3deaca/files/a98004b96df5bd25db603754401fcf45b107327097a59ed25856c669d70c6c23 [stream]
[debug] [2026-02-20T04:35:24.775Z] <<< [apiv2][status] POST https://upload-firebasehosting.googleapis.com/upload/sites/mobilesignalmapper/versions/3f0135511a3deaca/files/321f04e00741ae570d0e42a8b4b154e7de1bb68afd3fc85f2c97822caff146a2 200
[debug] [2026-02-20T04:35:24.775Z] <<< [apiv2][body] POST https://upload-firebasehosting.googleapis.com/upload/sites/mobilesignalmapper/versions/3f0135511a3deaca/files/321f04e00741ae570d0e42a8b4b154e7de1bb68afd3fc85f2c97822caff146a2 [stream]
[debug] [2026-02-20T04:35:24.790Z] <<< [apiv2][status] POST https://upload-firebasehosting.googleapis.com/upload/sites/mobilesignalmapper/versions/3f0135511a3deaca/files/c570edd0b52c687db587c473b63df98edc4a744cf06fba5fa7f44e85a36d40e8 200
[debug] [2026-02-20T04:35:24.790Z] <<< [apiv2][body] POST https://upload-firebasehosting.googleapis.com/upload/sites/mobilesignalmapper/versions/3f0135511a3deaca/files/c570edd0b52c687db587c473b63df98edc4a744cf06fba5fa7f44e85a36d40e8 [stream]
[debug] [2026-02-20T04:35:24.810Z] <<< [apiv2][status] POST https://upload-firebasehosting.googleapis.com/upload/sites/mobilesignalmapper/versions/3f0135511a3deaca/files/1694ef3fa589c7ead37c1bdb9b0287aac869bb6c0860d6184efb61724b74fe74 200
[debug] [2026-02-20T04:35:24.810Z] <<< [apiv2][body] POST https://upload-firebasehosting.googleapis.com/upload/sites/mobilesignalmapper/versions/3f0135511a3deaca/files/1694ef3fa589c7ead37c1bdb9b0287aac869bb6c0860d6184efb61724b74fe74 [stream]
[debug] [2026-02-20T04:35:24.841Z] <<< [apiv2][status] POST https://upload-firebasehosting.googleapis.com/upload/sites/mobilesignalmapper/versions/3f0135511a3deaca/files/f96373b1d69f84ee59ea47c2c1da99fd6252aacf6464cb7c94b7334e40b34283 200
[debug] [2026-02-20T04:35:24.845Z] <<< [apiv2][body] POST https://upload-firebasehosting.googleapis.com/upload/sites/mobilesignalmapper/versions/3f0135511a3deaca/files/f96373b1d69f84ee59ea47c2c1da99fd6252aacf6464cb7c94b7334e40b34283 [stream]
[debug] [2026-02-20T04:35:24.977Z] <<< [apiv2][status] POST https://upload-firebasehosting.googleapis.com/upload/sites/mobilesignalmapper/versions/3f0135511a3deaca/files/17824221b3da70d15b87168e20e8b561156e1b02b216f12f5397963a78f0814e 200
[debug] [2026-02-20T04:35:24.977Z] <<< [apiv2][body] POST https://upload-firebasehosting.googleapis.com/upload/sites/mobilesignalmapper/versions/3f0135511a3deaca/files/17824221b3da70d15b87168e20e8b561156e1b02b216f12f5397963a78f0814e [stream]
[debug] [2026-02-20T04:35:24.985Z] <<< [apiv2][status] POST https://upload-firebasehosting.googleapis.com/upload/sites/mobilesignalmapper/versions/3f0135511a3deaca/files/a3fd137d73b93b4e0eba501630f39bf99fc30c8808177ae02ec8133d9321ed59 200
[debug] [2026-02-20T04:35:24.985Z] <<< [apiv2][body] POST https://upload-firebasehosting.googleapis.com/upload/sites/mobilesignalmapper/versions/3f0135511a3deaca/files/a3fd137d73b93b4e0eba501630f39bf99fc30c8808177ae02ec8133d9321ed59 [stream]
[debug] [2026-02-20T04:35:25.093Z] <<< [apiv2][status] POST https://upload-firebasehosting.googleapis.com/upload/sites/mobilesignalmapper/versions/3f0135511a3deaca/files/4c08684036297c737317668af729438e9f86b060d682dd21eb12281a976fdfad 200
[debug] [2026-02-20T04:35:25.095Z] <<< [apiv2][body] POST https://upload-firebasehosting.googleapis.com/upload/sites/mobilesignalmapper/versions/3f0135511a3deaca/files/4c08684036297c737317668af729438e9f86b060d682dd21eb12281a976fdfad [stream]
[debug] [2026-02-20T04:35:25.104Z] <<< [apiv2][status] POST https://upload-firebasehosting.googleapis.com/upload/sites/mobilesignalmapper/versions/3f0135511a3deaca/files/f49b0e4209291a486a0bce94f89151046e1f25777ba2185bfe69cb0d9dad8d5d 200
[debug] [2026-02-20T04:35:25.105Z] <<< [apiv2][body] POST https://upload-firebasehosting.googleapis.com/upload/sites/mobilesignalmapper/versions/3f0135511a3deaca/files/f49b0e4209291a486a0bce94f89151046e1f25777ba2185bfe69cb0d9dad8d5d [stream]
[debug] [2026-02-20T04:35:25.298Z] <<< [apiv2][status] POST https://upload-firebasehosting.googleapis.com/upload/sites/mobilesignalmapper/versions/3f0135511a3deaca/files/88efda82e406d0881b44838fe44ef11aef25452a2d702349489730af8e96b37b 200
[debug] [2026-02-20T04:35:25.298Z] <<< [apiv2][body] POST https://upload-firebasehosting.googleapis.com/upload/sites/mobilesignalmapper/versions/3f0135511a3deaca/files/88efda82e406d0881b44838fe44ef11aef25452a2d702349489730af8e96b37b [stream]
[debug] [2026-02-20T04:35:25.300Z] [hosting][upload queue][FINAL] {"max":1274,"min":540,"avg":752.2105263157895,"active":0,"complete":19,"success":19,"errored":0,"retried":0,"total":19,"elapsed":1282}
[info] ✔  hosting[mobilesignalmapper]: file upload complete 
[debug] [2026-02-20T04:35:25.304Z] [hosting] deploy completed after 2260ms
[info] i  functions: updating Node.js 20 (2nd Gen) function firebase-frameworks-mobilesignalmapper:ssrmobilesignalmapper(us-central1)... 
[debug] [2026-02-20T04:35:25.311Z] Checked if tokens are valid: true, expires at: 1771565606236
[debug] [2026-02-20T04:35:25.311Z] Checked if tokens are valid: true, expires at: 1771565606236
[debug] [2026-02-20T04:35:25.312Z] >>> [apiv2][query] PATCH https://cloudfunctions.googleapis.com/v2/projects/mobilesignalmapper/locations/us-central1/functions/ssrmobilesignalmapper updateMask=name%2CbuildConfig.runtime%2CbuildConfig.entryPoint%2CbuildConfig.source.storageSource.bucket%2CbuildConfig.source.storageSource.object%2CbuildConfig.environmentVariables%2CbuildConfig.sourceToken%2CserviceConfig.environmentVariables%2CserviceConfig.ingressSettings%2CserviceConfig.timeoutSeconds%2CserviceConfig.serviceAccountEmail%2CserviceConfig.availableMemory%2CserviceConfig.minInstanceCount%2CserviceConfig.maxInstanceCount%2CserviceConfig.maxInstanceRequestConcurrency%2CserviceConfig.availableCpu%2CserviceConfig.vpcConnector%2CserviceConfig.vpcConnectorEgressSettings%2Clabels%2CbuildConfig.buildEnvironmentVariables
[debug] [2026-02-20T04:35:25.312Z] >>> [apiv2][body] PATCH https://cloudfunctions.googleapis.com/v2/projects/mobilesignalmapper/locations/us-central1/functions/ssrmobilesignalmapper {"name":"projects/mobilesignalmapper/locations/us-central1/functions/ssrmobilesignalmapper","buildConfig":{"runtime":"nodejs20","entryPoint":"ssrmobilesignalmapper","source":{"storageSource":{"bucket":"gcf-v2-uploads-185216844453.us-central1.cloudfunctions.appspot.com","object":"f23bc228-8607-4ab5-9ab1-1cf137e87a11.zip"}},"environmentVariables":{"GOOGLE_NODE_RUN_SCRIPTS":""}},"serviceConfig":{"environmentVariables":{"GEMINI_API_KEY":"","VERCEL_URL":"mobilesignalmapper.web.app","__FIREBASE_FRAMEWORKS_ENTRY__":"next.js","__FIREBASE_DEFAULTS__":"{\"config\":{\"projectId\":\"mobilesignalmapper\",\"appId\":\"1:185216844453:web:4819b2585c8a962295834c\",\"storageBucket\":\"mobilesignalmapper.firebasestorage.app\",\"apiKey\":\"AIzaSyAV1u18vvA53ZN1G6FJzhCL88hPZRTG6B0\",\"authDomain\":\"mobilesignalmapper.firebaseapp.com\",\"messagingSenderId\":\"185216844453\",\"measurementId\":\"G-5LNGDQC7JH\",\"projectNumber\":\"185216844453\",\"version\":\"2\"},\"_authTokenSyncURL\":\"/__session\"}","FIREBASE_CONFIG":"{\"projectId\":\"mobilesignalmapper\",\"storageBucket\":\"mobilesignalmapper.firebasestorage.app\"}","GCLOUD_PROJECT":"mobilesignalmapper","EVENTARC_CLOUD_EVENT_SOURCE":"projects/mobilesignalmapper/locations/us-central1/services/ssrmobilesignalmapper","FUNCTION_TARGET":"ssrmobilesignalmapper","LOG_EXECUTION_ID":"true"},"ingressSettings":null,"timeoutSeconds":null,"serviceAccountEmail":null,"availableMemory":"256Mi","minInstanceCount":null,"maxInstanceCount":null,"maxInstanceRequestConcurrency":80,"availableCpu":"1","vpcConnector":null,"vpcConnectorEgressSettings":null},"labels":{"deployment-tool":"cli-firebase--project-idx","firebase-functions-codebase":"firebase-frameworks-mobilesignalmapper","firebase-functions-hash":"cf23bae21ba7833bf7f481fecde62ae65379b817"}}
[debug] [2026-02-20T04:35:26.350Z] <<< [apiv2][status] PATCH https://cloudfunctions.googleapis.com/v2/projects/mobilesignalmapper/locations/us-central1/functions/ssrmobilesignalmapper 200
[debug] [2026-02-20T04:35:26.351Z] <<< [apiv2][body] PATCH https://cloudfunctions.googleapis.com/v2/projects/mobilesignalmapper/locations/us-central1/functions/ssrmobilesignalmapper {"name":"projects/mobilesignalmapper/locations/us-central1/operations/operation-1771562125390-64b39f32e7448-6ed0a18e-d861591b","metadata":{"@type":"type.googleapis.com/google.cloud.functions.v2.OperationMetadata","createTime":"2026-02-20T04:35:26.317521624Z","target":"projects/mobilesignalmapper/locations/us-central1/functions/ssrmobilesignalmapper","verb":"update","cancelRequested":false,"apiVersion":"v2"},"done":false}
[debug] [2026-02-20T04:35:26.357Z] Checked if tokens are valid: true, expires at: 1771565606236
[debug] [2026-02-20T04:35:26.357Z] Checked if tokens are valid: true, expires at: 1771565606236
[debug] [2026-02-20T04:35:26.357Z] >>> [apiv2][query] GET https://cloudfunctions.googleapis.com/v2/projects/mobilesignalmapper/locations/us-central1/operations/operation-1771562125390-64b39f32e7448-6ed0a18e-d861591b [none]
[debug] [2026-02-20T04:35:26.541Z] <<< [apiv2][status] GET https://cloudfunctions.googleapis.com/v2/projects/mobilesignalmapper/locations/us-central1/operations/operation-1771562125390-64b39f32e7448-6ed0a18e-d861591b 200
[debug] [2026-02-20T04:35:26.541Z] <<< [apiv2][body] GET https://cloudfunctions.googleapis.com/v2/projects/mobilesignalmapper/locations/us-central1/operations/operation-1771562125390-64b39f32e7448-6ed0a18e-d861591b {"name":"projects/mobilesignalmapper/locations/us-central1/operations/operation-1771562125390-64b39f32e7448-6ed0a18e-d861591b","metadata":{"@type":"type.googleapis.com/google.cloud.functions.v2.OperationMetadata","createTime":"2026-02-20T04:35:26.317521624Z","target":"projects/mobilesignalmapper/locations/us-central1/functions/ssrmobilesignalmapper","verb":"update","cancelRequested":false,"apiVersion":"v2","requestResource":{"@type":"type.googleapis.com/google.cloud.functions.v2.Function","name":"projects/mobilesignalmapper/locations/us-central1/functions/ssrmobilesignalmapper","buildConfig":{"runtime":"nodejs20","entryPoint":"ssrmobilesignalmapper","source":{"storageSource":{"bucket":"gcf-v2-sources-185216844453-us-central1","object":"ssrmobilesignalmapper/function-source.zip","generation":"1771562126251520"}},"environmentVariables":{"GOOGLE_NODE_RUN_SCRIPTS":""},"dockerRepository":"projects/mobilesignalmapper/locations/us-central1/repositories/gcf-artifacts","sourceProvenance":{"resolvedStorageSource":{"bucket":"gcf-v2-sources-185216844453-us-central1","object":"ssrmobilesignalmapper/function-source.zip","generation":"1771486550435076"}},"dockerRegistry":"ARTIFACT_REGISTRY","serviceAccount":"projects/mobilesignalmapper/serviceAccounts/185216844453-compute@developer.gserviceaccount.com","automaticUpdatePolicy":{}},"serviceConfig":{"service":"projects/mobilesignalmapper/locations/us-central1/services/ssrmobilesignalmapper","timeoutSeconds":60,"environmentVariables":{"GEMINI_API_KEY":"","VERCEL_URL":"mobilesignalmapper.web.app","__FIREBASE_FRAMEWORKS_ENTRY__":"next.js","__FIREBASE_DEFAULTS__":"{\"config\":{\"projectId\":\"mobilesignalmapper\",\"appId\":\"1:185216844453:web:4819b2585c8a962295834c\",\"storageBucket\":\"mobilesignalmapper.firebasestorage.app\",\"apiKey\":\"AIzaSyAV1u18vvA53ZN1G6FJzhCL88hPZRTG6B0\",\"authDomain\":\"mobilesignalmapper.firebaseapp.com\",\"messagingSenderId\":\"185216844453\",\"measurementId\":\"G-5LNGDQC7JH\",\"projectNumber\":\"185216844453\",\"version\":\"2\"},\"_authTokenSyncURL\":\"/__session\"}","FIREBASE_CONFIG":"{\"projectId\":\"mobilesignalmapper\",\"storageBucket\":\"mobilesignalmapper.firebasestorage.app\"}","GCLOUD_PROJECT":"mobilesignalmapper","EVENTARC_CLOUD_EVENT_SOURCE":"projects/mobilesignalmapper/locations/us-central1/services/ssrmobilesignalmapper","FUNCTION_TARGET":"ssrmobilesignalmapper","LOG_EXECUTION_ID":"true"},"ingressSettings":"ALLOW_ALL","uri":"https://ssrmobilesignalmapper-a5ckdsquxq-uc.a.run.app","serviceAccountEmail":"185216844453-compute@developer.gserviceaccount.com","availableMemory":"256Mi","allTrafficOnLatestRevision":true,"revision":"ssrmobilesignalmapper-00015-hid","maxInstanceRequestConcurrency":80,"availableCpu":"1"},"state":"ACTIVE","labels":{"deployment-tool":"cli-firebase--project-idx","firebase-functions-codebase":"firebase-frameworks-mobilesignalmapper","firebase-functions-hash":"cf23bae21ba7833bf7f481fecde62ae65379b817"},"environment":"GEN_2","url":"https://us-central1-mobilesignalmapper.cloudfunctions.net/ssrmobilesignalmapper","satisfiesPzi":true},"stages":[{"name":"BUILD","state":"NOT_STARTED","stateMessages":[{"severity":"WARNING","type":"BuildAnalysisWarning","message":"Node.js 20 is no longer supported by the Node.js community as of 30 April, 2026. Node.js 20 will be deprecated on 2026-04-30. We recommend you to upgrade to the latest version of Node.js as soon as possible."}]},{"name":"SERVICE","state":"NOT_STARTED"}],"operationType":"UPDATE_FUNCTION"},"done":false}
[debug] [2026-02-20T04:35:27.043Z] [update-firebase-frameworks-mobilesignalmapper-us-central1-ssrmobilesignalmapper] Retrying task index 0
[debug] [2026-02-20T04:35:27.044Z] Checked if tokens are valid: true, expires at: 1771565606236
[debug] [2026-02-20T04:35:27.044Z] Checked if tokens are valid: true, expires at: 1771565606236
[debug] [2026-02-20T04:35:27.044Z] >>> [apiv2][query] GET https://cloudfunctions.googleapis.com/v2/projects/mobilesignalmapper/locations/us-central1/operations/operation-1771562125390-64b39f32e7448-6ed0a18e-d861591b [none]
[debug] [2026-02-20T04:35:27.238Z] <<< [apiv2][status] GET https://cloudfunctions.googleapis.com/v2/projects/mobilesignalmapper/locations/us-central1/operations/operation-1771562125390-64b39f32e7448-6ed0a18e-d861591b 200
[debug] [2026-02-20T04:35:27.239Z] <<< [apiv2][body] GET https://cloudfunctions.googleapis.com/v2/projects/mobilesignalmapper/locations/us-central1/operations/operation-1771562125390-64b39f32e7448-6ed0a18e-d861591b {"name":"projects/mobilesignalmapper/locations/us-central1/operations/operation-1771562125390-64b39f32e7448-6ed0a18e-d861591b","metadata":{"@type":"type.googleapis.com/google.cloud.functions.v2.OperationMetadata","createTime":"2026-02-20T04:35:26.317521624Z","target":"projects/mobilesignalmapper/locations/us-central1/functions/ssrmobilesignalmapper","verb":"update","cancelRequested":false,"apiVersion":"v2","requestResource":{"@type":"type.googleapis.com/google.cloud.functions.v2.Function","name":"projects/mobilesignalmapper/locations/us-central1/functions/ssrmobilesignalmapper","buildConfig":{"runtime":"nodejs20","entryPoint":"ssrmobilesignalmapper","source":{"storageSource":{"bucket":"gcf-v2-sources-185216844453-us-central1","object":"ssrmobilesignalmapper/function-source.zip","generation":"1771562126251520"}},"environmentVariables":{"GOOGLE_NODE_RUN_SCRIPTS":""},"dockerRepository":"projects/mobilesignalmapper/locations/us-central1/repositories/gcf-artifacts","sourceProvenance":{"resolvedStorageSource":{"bucket":"gcf-v2-sources-185216844453-us-central1","object":"ssrmobilesignalmapper/function-source.zip","generation":"1771486550435076"}},"dockerRegistry":"ARTIFACT_REGISTRY","serviceAccount":"projects/mobilesignalmapper/serviceAccounts/185216844453-compute@developer.gserviceaccount.com","automaticUpdatePolicy":{}},"serviceConfig":{"service":"projects/mobilesignalmapper/locations/us-central1/services/ssrmobilesignalmapper","timeoutSeconds":60,"environmentVariables":{"GEMINI_API_KEY":"","VERCEL_URL":"mobilesignalmapper.web.app","__FIREBASE_FRAMEWORKS_ENTRY__":"next.js","__FIREBASE_DEFAULTS__":"{\"config\":{\"projectId\":\"mobilesignalmapper\",\"appId\":\"1:185216844453:web:4819b2585c8a962295834c\",\"storageBucket\":\"mobilesignalmapper.firebasestorage.app\",\"apiKey\":\"AIzaSyAV1u18vvA53ZN1G6FJzhCL88hPZRTG6B0\",\"authDomain\":\"mobilesignalmapper.firebaseapp.com\",\"messagingSenderId\":\"185216844453\",\"measurementId\":\"G-5LNGDQC7JH\",\"projectNumber\":\"185216844453\",\"version\":\"2\"},\"_authTokenSyncURL\":\"/__session\"}","FIREBASE_CONFIG":"{\"projectId\":\"mobilesignalmapper\",\"storageBucket\":\"mobilesignalmapper.firebasestorage.app\"}","GCLOUD_PROJECT":"mobilesignalmapper","EVENTARC_CLOUD_EVENT_SOURCE":"projects/mobilesignalmapper/locations/us-central1/services/ssrmobilesignalmapper","FUNCTION_TARGET":"ssrmobilesignalmapper","LOG_EXECUTION_ID":"true"},"ingressSettings":"ALLOW_ALL","uri":"https://ssrmobilesignalmapper-a5ckdsquxq-uc.a.run.app","serviceAccountEmail":"185216844453-compute@developer.gserviceaccount.com","availableMemory":"256Mi","allTrafficOnLatestRevision":true,"revision":"ssrmobilesignalmapper-00015-hid","maxInstanceRequestConcurrency":80,"availableCpu":"1"},"state":"ACTIVE","labels":{"deployment-tool":"cli-firebase--project-idx","firebase-functions-codebase":"firebase-frameworks-mobilesignalmapper","firebase-functions-hash":"cf23bae21ba7833bf7f481fecde62ae65379b817"},"environment":"GEN_2","url":"https://us-central1-mobilesignalmapper.cloudfunctions.net/ssrmobilesignalmapper","satisfiesPzi":true},"stages":[{"name":"BUILD","message":"Creating build","state":"IN_PROGRESS","resource":"projects/185216844453/locations/us-central1/builds/89f452a6-8c8a-4bfe-bbec-804f7f9468d4","resourceUri":"https://console.cloud.google.com/cloud-build/builds;region=us-central1/89f452a6-8c8a-4bfe-bbec-804f7f9468d4?project=185216844453"},{"name":"SERVICE","state":"NOT_STARTED"}],"operationType":"UPDATE_FUNCTION","buildName":"projects/185216844453/locations/us-central1/builds/89f452a6-8c8a-4bfe-bbec-804f7f9468d4"},"done":false}
[debug] [2026-02-20T04:35:28.239Z] [update-firebase-frameworks-mobilesignalmapper-us-central1-ssrmobilesignalmapper] Retrying task index 0
[debug] [2026-02-20T04:35:28.240Z] Checked if tokens are valid: true, expires at: 1771565606236
[debug] [2026-02-20T04:35:28.241Z] Checked if tokens are valid: true, expires at: 1771565606236
[debug] [2026-02-20T04:35:28.241Z] >>> [apiv2][query] GET https://cloudfunctions.googleapis.com/v2/projects/mobilesignalmapper/locations/us-central1/operations/operation-1771562125390-64b39f32e7448-6ed0a18e-d861591b [none]
[debug] [2026-02-20T04:35:28.424Z] <<< [apiv2][status] GET https://cloudfunctions.googleapis.com/v2/projects/mobilesignalmapper/locations/us-central1/operations/operation-1771562125390-64b39f32e7448-6ed0a18e-d861591b 200
[debug] [2026-02-20T04:35:28.424Z] <<< [apiv2][body] GET https://cloudfunctions.googleapis.com/v2/projects/mobilesignalmapper/locations/us-central1/operations/operation-1771562125390-64b39f32e7448-6ed0a18e-d861591b {"name":"projects/mobilesignalmapper/locations/us-central1/operations/operation-1771562125390-64b39f32e7448-6ed0a18e-d861591b","metadata":{"@type":"type.googleapis.com/google.cloud.functions.v2.OperationMetadata","createTime":"2026-02-20T04:35:26.317521624Z","target":"projects/mobilesignalmapper/locations/us-central1/functions/ssrmobilesignalmapper","verb":"update","cancelRequested":false,"apiVersion":"v2","requestResource":{"@type":"type.googleapis.com/google.cloud.functions.v2.Function","name":"projects/mobilesignalmapper/locations/us-central1/functions/ssrmobilesignalmapper","buildConfig":{"runtime":"nodejs20","entryPoint":"ssrmobilesignalmapper","source":{"storageSource":{"bucket":"gcf-v2-sources-185216844453-us-central1","object":"ssrmobilesignalmapper/function-source.zip","generation":"1771562126251520"}},"environmentVariables":{"GOOGLE_NODE_RUN_SCRIPTS":""},"dockerRepository":"projects/mobilesignalmapper/locations/us-central1/repositories/gcf-artifacts","sourceProvenance":{"resolvedStorageSource":{"bucket":"gcf-v2-sources-185216844453-us-central1","object":"ssrmobilesignalmapper/function-source.zip","generation":"1771486550435076"}},"dockerRegistry":"ARTIFACT_REGISTRY","serviceAccount":"projects/mobilesignalmapper/serviceAccounts/185216844453-compute@developer.gserviceaccount.com","automaticUpdatePolicy":{}},"serviceConfig":{"service":"projects/mobilesignalmapper/locations/us-central1/services/ssrmobilesignalmapper","timeoutSeconds":60,"environmentVariables":{"GEMINI_API_KEY":"","VERCEL_URL":"mobilesignalmapper.web.app","__FIREBASE_FRAMEWORKS_ENTRY__":"next.js","__FIREBASE_DEFAULTS__":"{\"config\":{\"projectId\":\"mobilesignalmapper\",\"appId\":\"1:185216844453:web:4819b2585c8a962295834c\",\"storageBucket\":\"mobilesignalmapper.firebasestorage.app\",\"apiKey\":\"AIzaSyAV1u18vvA53ZN1G6FJzhCL88hPZRTG6B0\",\"authDomain\":\"mobilesignalmapper.firebaseapp.com\",\"messagingSenderId\":\"185216844453\",\"measurementId\":\"G-5LNGDQC7JH\",\"projectNumber\":\"185216844453\",\"version\":\"2\"},\"_authTokenSyncURL\":\"/__session\"}","FIREBASE_CONFIG":"{\"projectId\":\"mobilesignalmapper\",\"storageBucket\":\"mobilesignalmapper.firebasestorage.app\"}","GCLOUD_PROJECT":"mobilesignalmapper","EVENTARC_CLOUD_EVENT_SOURCE":"projects/mobilesignalmapper/locations/us-central1/services/ssrmobilesignalmapper","FUNCTION_TARGET":"ssrmobilesignalmapper","LOG_EXECUTION_ID":"true"},"ingressSettings":"ALLOW_ALL","uri":"https://ssrmobilesignalmapper-a5ckdsquxq-uc.a.run.app","serviceAccountEmail":"185216844453-compute@developer.gserviceaccount.com","availableMemory":"256Mi","allTrafficOnLatestRevision":true,"revision":"ssrmobilesignalmapper-00015-hid","maxInstanceRequestConcurrency":80,"availableCpu":"1"},"state":"ACTIVE","labels":{"deployment-tool":"cli-firebase--project-idx","firebase-functions-codebase":"firebase-frameworks-mobilesignalmapper","firebase-functions-hash":"cf23bae21ba7833bf7f481fecde62ae65379b817"},"environment":"GEN_2","url":"https://us-central1-mobilesignalmapper.cloudfunctions.net/ssrmobilesignalmapper","satisfiesPzi":true},"stages":[{"name":"BUILD","message":"Build in progress","state":"IN_PROGRESS","resource":"projects/185216844453/locations/us-central1/builds/89f452a6-8c8a-4bfe-bbec-804f7f9468d4","resourceUri":"https://console.cloud.google.com/cloud-build/builds;region=us-central1/89f452a6-8c8a-4bfe-bbec-804f7f9468d4?project=185216844453"},{"name":"SERVICE","state":"NOT_STARTED"}],"operationType":"UPDATE_FUNCTION","buildName":"projects/185216844453/locations/us-central1/builds/89f452a6-8c8a-4bfe-bbec-804f7f9468d4"},"done":false}
[debug] [2026-02-20T04:35:30.425Z] [update-firebase-frameworks-mobilesignalmapper-us-central1-ssrmobilesignalmapper] Retrying task index 0
[debug] [2026-02-20T04:35:30.426Z] Checked if tokens are valid: true, expires at: 1771565606236
[debug] [2026-02-20T04:35:30.426Z] Checked if tokens are valid: true, expires at: 1771565606236
[debug] [2026-02-20T04:35:30.426Z] >>> [apiv2][query] GET https://cloudfunctions.googleapis.com/v2/projects/mobilesignalmapper/locations/us-central1/operations/operation-1771562125390-64b39f32e7448-6ed0a18e-d861591b [none]
[debug] [2026-02-20T04:35:30.639Z] <<< [apiv2][status] GET https://cloudfunctions.googleapis.com/v2/projects/mobilesignalmapper/locations/us-central1/operations/operation-1771562125390-64b39f32e7448-6ed0a18e-d861591b 200
[debug] [2026-02-20T04:35:30.641Z] <<< [apiv2][body] GET https://cloudfunctions.googleapis.com/v2/projects/mobilesignalmapper/locations/us-central1/operations/operation-1771562125390-64b39f32e7448-6ed0a18e-d861591b {"name":"projects/mobilesignalmapper/locations/us-central1/operations/operation-1771562125390-64b39f32e7448-6ed0a18e-d861591b","metadata":{"@type":"type.googleapis.com/google.cloud.functions.v2.OperationMetadata","createTime":"2026-02-20T04:35:26.317521624Z","target":"projects/mobilesignalmapper/locations/us-central1/functions/ssrmobilesignalmapper","verb":"update","cancelRequested":false,"apiVersion":"v2","requestResource":{"@type":"type.googleapis.com/google.cloud.functions.v2.Function","name":"projects/mobilesignalmapper/locations/us-central1/functions/ssrmobilesignalmapper","buildConfig":{"runtime":"nodejs20","entryPoint":"ssrmobilesignalmapper","source":{"storageSource":{"bucket":"gcf-v2-sources-185216844453-us-central1","object":"ssrmobilesignalmapper/function-source.zip","generation":"1771562126251520"}},"environmentVariables":{"GOOGLE_NODE_RUN_SCRIPTS":""},"dockerRepository":"projects/mobilesignalmapper/locations/us-central1/repositories/gcf-artifacts","sourceProvenance":{"resolvedStorageSource":{"bucket":"gcf-v2-sources-185216844453-us-central1","object":"ssrmobilesignalmapper/function-source.zip","generation":"1771486550435076"}},"dockerRegistry":"ARTIFACT_REGISTRY","serviceAccount":"projects/mobilesignalmapper/serviceAccounts/185216844453-compute@developer.gserviceaccount.com","automaticUpdatePolicy":{}},"serviceConfig":{"service":"projects/mobilesignalmapper/locations/us-central1/services/ssrmobilesignalmapper","timeoutSeconds":60,"environmentVariables":{"GEMINI_API_KEY":"","VERCEL_URL":"mobilesignalmapper.web.app","__FIREBASE_FRAMEWORKS_ENTRY__":"next.js","__FIREBASE_DEFAULTS__":"{\"config\":{\"projectId\":\"mobilesignalmapper\",\"appId\":\"1:185216844453:web:4819b2585c8a962295834c\",\"storageBucket\":\"mobilesignalmapper.firebasestorage.app\",\"apiKey\":\"AIzaSyAV1u18vvA53ZN1G6FJzhCL88hPZRTG6B0\",\"authDomain\":\"mobilesignalmapper.firebaseapp.com\",\"messagingSenderId\":\"185216844453\",\"measurementId\":\"G-5LNGDQC7JH\",\"projectNumber\":\"185216844453\",\"version\":\"2\"},\"_authTokenSyncURL\":\"/__session\"}","FIREBASE_CONFIG":"{\"projectId\":\"mobilesignalmapper\",\"storageBucket\":\"mobilesignalmapper.firebasestorage.app\"}","GCLOUD_PROJECT":"mobilesignalmapper","EVENTARC_CLOUD_EVENT_SOURCE":"projects/mobilesignalmapper/locations/us-central1/services/ssrmobilesignalmapper","FUNCTION_TARGET":"ssrmobilesignalmapper","LOG_EXECUTION_ID":"true"},"ingressSettings":"ALLOW_ALL","uri":"https://ssrmobilesignalmapper-a5ckdsquxq-uc.a.run.app","serviceAccountEmail":"185216844453-compute@developer.gserviceaccount.com","availableMemory":"256Mi","allTrafficOnLatestRevision":true,"revision":"ssrmobilesignalmapper-00015-hid","maxInstanceRequestConcurrency":80,"availableCpu":"1"},"state":"ACTIVE","labels":{"deployment-tool":"cli-firebase--project-idx","firebase-functions-codebase":"firebase-frameworks-mobilesignalmapper","firebase-functions-hash":"cf23bae21ba7833bf7f481fecde62ae65379b817"},"environment":"GEN_2","url":"https://us-central1-mobilesignalmapper.cloudfunctions.net/ssrmobilesignalmapper","satisfiesPzi":true},"stages":[{"name":"BUILD","message":"Build in progress","state":"IN_PROGRESS","resource":"projects/185216844453/locations/us-central1/builds/89f452a6-8c8a-4bfe-bbec-804f7f9468d4","resourceUri":"https://console.cloud.google.com/cloud-build/builds;region=us-central1/89f452a6-8c8a-4bfe-bbec-804f7f9468d4?project=185216844453"},{"name":"SERVICE","state":"NOT_STARTED"}],"operationType":"UPDATE_FUNCTION","buildName":"projects/185216844453/locations/us-central1/builds/89f452a6-8c8a-4bfe-bbec-804f7f9468d4"},"done":false}
[debug] [2026-02-20T04:35:34.642Z] [update-firebase-frameworks-mobilesignalmapper-us-central1-ssrmobilesignalmapper] Retrying task index 0
[debug] [2026-02-20T04:35:34.643Z] Checked if tokens are valid: true, expires at: 1771565606236
[debug] [2026-02-20T04:35:34.643Z] Checked if tokens are valid: true, expires at: 1771565606236
[debug] [2026-02-20T04:35:34.643Z] >>> [apiv2][query] GET https://cloudfunctions.googleapis.com/v2/projects/mobilesignalmapper/locations/us-central1/operations/operation-1771562125390-64b39f32e7448-6ed0a18e-d861591b [none]
[debug] [2026-02-20T04:35:34.712Z] <<< [apiv2][status] GET https://cloudfunctions.googleapis.com/v2/projects/mobilesignalmapper/locations/us-central1/operations/operation-1771562125390-64b39f32e7448-6ed0a18e-d861591b 200
[debug] [2026-02-20T04:35:34.712Z] <<< [apiv2][body] GET https://cloudfunctions.googleapis.com/v2/projects/mobilesignalmapper/locations/us-central1/operations/operation-1771562125390-64b39f32e7448-6ed0a18e-d861591b {"name":"projects/mobilesignalmapper/locations/us-central1/operations/operation-1771562125390-64b39f32e7448-6ed0a18e-d861591b","metadata":{"@type":"type.googleapis.com/google.cloud.functions.v2.OperationMetadata","createTime":"2026-02-20T04:35:26.317521624Z","target":"projects/mobilesignalmapper/locations/us-central1/functions/ssrmobilesignalmapper","verb":"update","cancelRequested":false,"apiVersion":"v2","requestResource":{"@type":"type.googleapis.com/google.cloud.functions.v2.Function","name":"projects/mobilesignalmapper/locations/us-central1/functions/ssrmobilesignalmapper","buildConfig":{"runtime":"nodejs20","entryPoint":"ssrmobilesignalmapper","source":{"storageSource":{"bucket":"gcf-v2-sources-185216844453-us-central1","object":"ssrmobilesignalmapper/function-source.zip","generation":"1771562126251520"}},"environmentVariables":{"GOOGLE_NODE_RUN_SCRIPTS":""},"dockerRepository":"projects/mobilesignalmapper/locations/us-central1/repositories/gcf-artifacts","sourceProvenance":{"resolvedStorageSource":{"bucket":"gcf-v2-sources-185216844453-us-central1","object":"ssrmobilesignalmapper/function-source.zip","generation":"1771486550435076"}},"dockerRegistry":"ARTIFACT_REGISTRY","serviceAccount":"projects/mobilesignalmapper/serviceAccounts/185216844453-compute@developer.gserviceaccount.com","automaticUpdatePolicy":{}},"serviceConfig":{"service":"projects/mobilesignalmapper/locations/us-central1/services/ssrmobilesignalmapper","timeoutSeconds":60,"environmentVariables":{"GEMINI_API_KEY":"","VERCEL_URL":"mobilesignalmapper.web.app","__FIREBASE_FRAMEWORKS_ENTRY__":"next.js","__FIREBASE_DEFAULTS__":"{\"config\":{\"projectId\":\"mobilesignalmapper\",\"appId\":\"1:185216844453:web:4819b2585c8a962295834c\",\"storageBucket\":\"mobilesignalmapper.firebasestorage.app\",\"apiKey\":\"AIzaSyAV1u18vvA53ZN1G6FJzhCL88hPZRTG6B0\",\"authDomain\":\"mobilesignalmapper.firebaseapp.com\",\"messagingSenderId\":\"185216844453\",\"measurementId\":\"G-5LNGDQC7JH\",\"projectNumber\":\"185216844453\",\"version\":\"2\"},\"_authTokenSyncURL\":\"/__session\"}","FIREBASE_CONFIG":"{\"projectId\":\"mobilesignalmapper\",\"storageBucket\":\"mobilesignalmapper.firebasestorage.app\"}","GCLOUD_PROJECT":"mobilesignalmapper","EVENTARC_CLOUD_EVENT_SOURCE":"projects/mobilesignalmapper/locations/us-central1/services/ssrmobilesignalmapper","FUNCTION_TARGET":"ssrmobilesignalmapper","LOG_EXECUTION_ID":"true"},"ingressSettings":"ALLOW_ALL","uri":"https://ssrmobilesignalmapper-a5ckdsquxq-uc.a.run.app","serviceAccountEmail":"185216844453-compute@developer.gserviceaccount.com","availableMemory":"256Mi","allTrafficOnLatestRevision":true,"revision":"ssrmobilesignalmapper-00015-hid","maxInstanceRequestConcurrency":80,"availableCpu":"1"},"state":"ACTIVE","labels":{"deployment-tool":"cli-firebase--project-idx","firebase-functions-codebase":"firebase-frameworks-mobilesignalmapper","firebase-functions-hash":"cf23bae21ba7833bf7f481fecde62ae65379b817"},"environment":"GEN_2","url":"https://us-central1-mobilesignalmapper.cloudfunctions.net/ssrmobilesignalmapper","satisfiesPzi":true},"stages":[{"name":"BUILD","message":"Build in progress","state":"IN_PROGRESS","resource":"projects/185216844453/locations/us-central1/builds/89f452a6-8c8a-4bfe-bbec-804f7f9468d4","resourceUri":"https://console.cloud.google.com/cloud-build/builds;region=us-central1/89f452a6-8c8a-4bfe-bbec-804f7f9468d4?project=185216844453"},{"name":"SERVICE","state":"NOT_STARTED"}],"operationType":"UPDATE_FUNCTION","buildName":"projects/185216844453/locations/us-central1/builds/89f452a6-8c8a-4bfe-bbec-804f7f9468d4"},"done":false}
[debug] [2026-02-20T04:35:42.713Z] [update-firebase-frameworks-mobilesignalmapper-us-central1-ssrmobilesignalmapper] Retrying task index 0
[debug] [2026-02-20T04:35:42.714Z] Checked if tokens are valid: true, expires at: 1771565606236
[debug] [2026-02-20T04:35:42.714Z] Checked if tokens are valid: true, expires at: 1771565606236
[debug] [2026-02-20T04:35:42.714Z] >>> [apiv2][query] GET https://cloudfunctions.googleapis.com/v2/projects/mobilesignalmapper/locations/us-central1/operations/operation-1771562125390-64b39f32e7448-6ed0a18e-d861591b [none]
[debug] [2026-02-20T04:35:42.809Z] <<< [apiv2][status] GET https://cloudfunctions.googleapis.com/v2/projects/mobilesignalmapper/locations/us-central1/operations/operation-1771562125390-64b39f32e7448-6ed0a18e-d861591b 200
[debug] [2026-02-20T04:35:42.812Z] <<< [apiv2][body] GET https://cloudfunctions.googleapis.com/v2/projects/mobilesignalmapper/locations/us-central1/operations/operation-1771562125390-64b39f32e7448-6ed0a18e-d861591b {"name":"projects/mobilesignalmapper/locations/us-central1/operations/operation-1771562125390-64b39f32e7448-6ed0a18e-d861591b","metadata":{"@type":"type.googleapis.com/google.cloud.functions.v2.OperationMetadata","createTime":"2026-02-20T04:35:26.317521624Z","target":"projects/mobilesignalmapper/locations/us-central1/functions/ssrmobilesignalmapper","verb":"update","cancelRequested":false,"apiVersion":"v2","requestResource":{"@type":"type.googleapis.com/google.cloud.functions.v2.Function","name":"projects/mobilesignalmapper/locations/us-central1/functions/ssrmobilesignalmapper","buildConfig":{"runtime":"nodejs20","entryPoint":"ssrmobilesignalmapper","source":{"storageSource":{"bucket":"gcf-v2-sources-185216844453-us-central1","object":"ssrmobilesignalmapper/function-source.zip","generation":"1771562126251520"}},"environmentVariables":{"GOOGLE_NODE_RUN_SCRIPTS":""},"dockerRepository":"projects/mobilesignalmapper/locations/us-central1/repositories/gcf-artifacts","sourceProvenance":{"resolvedStorageSource":{"bucket":"gcf-v2-sources-185216844453-us-central1","object":"ssrmobilesignalmapper/function-source.zip","generation":"1771486550435076"}},"dockerRegistry":"ARTIFACT_REGISTRY","serviceAccount":"projects/mobilesignalmapper/serviceAccounts/185216844453-compute@developer.gserviceaccount.com","automaticUpdatePolicy":{}},"serviceConfig":{"service":"projects/mobilesignalmapper/locations/us-central1/services/ssrmobilesignalmapper","timeoutSeconds":60,"environmentVariables":{"GEMINI_API_KEY":"","VERCEL_URL":"mobilesignalmapper.web.app","__FIREBASE_FRAMEWORKS_ENTRY__":"next.js","__FIREBASE_DEFAULTS__":"{\"config\":{\"projectId\":\"mobilesignalmapper\",\"appId\":\"1:185216844453:web:4819b2585c8a962295834c\",\"storageBucket\":\"mobilesignalmapper.firebasestorage.app\",\"apiKey\":\"AIzaSyAV1u18vvA53ZN1G6FJzhCL88hPZRTG6B0\",\"authDomain\":\"mobilesignalmapper.firebaseapp.com\",\"messagingSenderId\":\"185216844453\",\"measurementId\":\"G-5LNGDQC7JH\",\"projectNumber\":\"185216844453\",\"version\":\"2\"},\"_authTokenSyncURL\":\"/__session\"}","FIREBASE_CONFIG":"{\"projectId\":\"mobilesignalmapper\",\"storageBucket\":\"mobilesignalmapper.firebasestorage.app\"}","GCLOUD_PROJECT":"mobilesignalmapper","EVENTARC_CLOUD_EVENT_SOURCE":"projects/mobilesignalmapper/locations/us-central1/services/ssrmobilesignalmapper","FUNCTION_TARGET":"ssrmobilesignalmapper","LOG_EXECUTION_ID":"true"},"ingressSettings":"ALLOW_ALL","uri":"https://ssrmobilesignalmapper-a5ckdsquxq-uc.a.run.app","serviceAccountEmail":"185216844453-compute@developer.gserviceaccount.com","availableMemory":"256Mi","allTrafficOnLatestRevision":true,"revision":"ssrmobilesignalmapper-00015-hid","maxInstanceRequestConcurrency":80,"availableCpu":"1"},"state":"ACTIVE","labels":{"deployment-tool":"cli-firebase--project-idx","firebase-functions-codebase":"firebase-frameworks-mobilesignalmapper","firebase-functions-hash":"cf23bae21ba7833bf7f481fecde62ae65379b817"},"environment":"GEN_2","url":"https://us-central1-mobilesignalmapper.cloudfunctions.net/ssrmobilesignalmapper","satisfiesPzi":true},"stages":[{"name":"BUILD","message":"Build in progress","state":"IN_PROGRESS","resource":"projects/185216844453/locations/us-central1/builds/89f452a6-8c8a-4bfe-bbec-804f7f9468d4","resourceUri":"https://console.cloud.google.com/cloud-build/builds;region=us-central1/89f452a6-8c8a-4bfe-bbec-804f7f9468d4?project=185216844453"},{"name":"SERVICE","state":"NOT_STARTED"}],"operationType":"UPDATE_FUNCTION","buildName":"projects/185216844453/locations/us-central1/builds/89f452a6-8c8a-4bfe-bbec-804f7f9468d4"},"done":false}
[debug] [2026-02-20T04:35:52.815Z] [update-firebase-frameworks-mobilesignalmapper-us-central1-ssrmobilesignalmapper] Retrying task index 0
[debug] [2026-02-20T04:35:52.818Z] Checked if tokens are valid: true, expires at: 1771565606236
[debug] [2026-02-20T04:35:52.819Z] Checked if tokens are valid: true, expires at: 1771565606236
[debug] [2026-02-20T04:35:52.819Z] >>> [apiv2][query] GET https://cloudfunctions.googleapis.com/v2/projects/mobilesignalmapper/locations/us-central1/operations/operation-1771562125390-64b39f32e7448-6ed0a18e-d861591b [none]
[debug] [2026-02-20T04:35:52.890Z] <<< [apiv2][status] GET https://cloudfunctions.googleapis.com/v2/projects/mobilesignalmapper/locations/us-central1/operations/operation-1771562125390-64b39f32e7448-6ed0a18e-d861591b 200
[debug] [2026-02-20T04:35:52.893Z] <<< [apiv2][body] GET https://cloudfunctions.googleapis.com/v2/projects/mobilesignalmapper/locations/us-central1/operations/operation-1771562125390-64b39f32e7448-6ed0a18e-d861591b {"name":"projects/mobilesignalmapper/locations/us-central1/operations/operation-1771562125390-64b39f32e7448-6ed0a18e-d861591b","metadata":{"@type":"type.googleapis.com/google.cloud.functions.v2.OperationMetadata","createTime":"2026-02-20T04:35:26.317521624Z","target":"projects/mobilesignalmapper/locations/us-central1/functions/ssrmobilesignalmapper","verb":"update","cancelRequested":false,"apiVersion":"v2","requestResource":{"@type":"type.googleapis.com/google.cloud.functions.v2.Function","name":"projects/mobilesignalmapper/locations/us-central1/functions/ssrmobilesignalmapper","buildConfig":{"runtime":"nodejs20","entryPoint":"ssrmobilesignalmapper","source":{"storageSource":{"bucket":"gcf-v2-sources-185216844453-us-central1","object":"ssrmobilesignalmapper/function-source.zip","generation":"1771562126251520"}},"environmentVariables":{"GOOGLE_NODE_RUN_SCRIPTS":""},"dockerRepository":"projects/mobilesignalmapper/locations/us-central1/repositories/gcf-artifacts","sourceProvenance":{"resolvedStorageSource":{"bucket":"gcf-v2-sources-185216844453-us-central1","object":"ssrmobilesignalmapper/function-source.zip","generation":"1771486550435076"}},"dockerRegistry":"ARTIFACT_REGISTRY","serviceAccount":"projects/mobilesignalmapper/serviceAccounts/185216844453-compute@developer.gserviceaccount.com","automaticUpdatePolicy":{}},"serviceConfig":{"service":"projects/mobilesignalmapper/locations/us-central1/services/ssrmobilesignalmapper","timeoutSeconds":60,"environmentVariables":{"GEMINI_API_KEY":"","VERCEL_URL":"mobilesignalmapper.web.app","__FIREBASE_FRAMEWORKS_ENTRY__":"next.js","__FIREBASE_DEFAULTS__":"{\"config\":{\"projectId\":\"mobilesignalmapper\",\"appId\":\"1:185216844453:web:4819b2585c8a962295834c\",\"storageBucket\":\"mobilesignalmapper.firebasestorage.app\",\"apiKey\":\"AIzaSyAV1u18vvA53ZN1G6FJzhCL88hPZRTG6B0\",\"authDomain\":\"mobilesignalmapper.firebaseapp.com\",\"messagingSenderId\":\"185216844453\",\"measurementId\":\"G-5LNGDQC7JH\",\"projectNumber\":\"185216844453\",\"version\":\"2\"},\"_authTokenSyncURL\":\"/__session\"}","FIREBASE_CONFIG":"{\"projectId\":\"mobilesignalmapper\",\"storageBucket\":\"mobilesignalmapper.firebasestorage.app\"}","GCLOUD_PROJECT":"mobilesignalmapper","EVENTARC_CLOUD_EVENT_SOURCE":"projects/mobilesignalmapper/locations/us-central1/services/ssrmobilesignalmapper","FUNCTION_TARGET":"ssrmobilesignalmapper","LOG_EXECUTION_ID":"true"},"ingressSettings":"ALLOW_ALL","uri":"https://ssrmobilesignalmapper-a5ckdsquxq-uc.a.run.app","serviceAccountEmail":"185216844453-compute@developer.gserviceaccount.com","availableMemory":"256Mi","allTrafficOnLatestRevision":true,"revision":"ssrmobilesignalmapper-00015-hid","maxInstanceRequestConcurrency":80,"availableCpu":"1"},"state":"ACTIVE","labels":{"deployment-tool":"cli-firebase--project-idx","firebase-functions-codebase":"firebase-frameworks-mobilesignalmapper","firebase-functions-hash":"cf23bae21ba7833bf7f481fecde62ae65379b817"},"environment":"GEN_2","url":"https://us-central1-mobilesignalmapper.cloudfunctions.net/ssrmobilesignalmapper","satisfiesPzi":true},"stages":[{"name":"BUILD","message":"Build in progress","state":"IN_PROGRESS","resource":"projects/185216844453/locations/us-central1/builds/89f452a6-8c8a-4bfe-bbec-804f7f9468d4","resourceUri":"https://console.cloud.google.com/cloud-build/builds;region=us-central1/89f452a6-8c8a-4bfe-bbec-804f7f9468d4?project=185216844453"},{"name":"SERVICE","state":"NOT_STARTED"}],"operationType":"UPDATE_FUNCTION","buildName":"projects/185216844453/locations/us-central1/builds/89f452a6-8c8a-4bfe-bbec-804f7f9468d4"},"done":false}
[debug] [2026-02-20T04:36:02.899Z] [update-firebase-frameworks-mobilesignalmapper-us-central1-ssrmobilesignalmapper] Retrying task index 0
[debug] [2026-02-20T04:36:02.901Z] Checked if tokens are valid: true, expires at: 1771565606236
[debug] [2026-02-20T04:36:02.901Z] Checked if tokens are valid: true, expires at: 1771565606236
[debug] [2026-02-20T04:36:02.901Z] >>> [apiv2][query] GET https://cloudfunctions.googleapis.com/v2/projects/mobilesignalmapper/locations/us-central1/operations/operation-1771562125390-64b39f32e7448-6ed0a18e-d861591b [none]
[debug] [2026-02-20T04:36:03.099Z] <<< [apiv2][status] GET https://cloudfunctions.googleapis.com/v2/projects/mobilesignalmapper/locations/us-central1/operations/operation-1771562125390-64b39f32e7448-6ed0a18e-d861591b 200
[debug] [2026-02-20T04:36:03.101Z] <<< [apiv2][body] GET https://cloudfunctions.googleapis.com/v2/projects/mobilesignalmapper/locations/us-central1/operations/operation-1771562125390-64b39f32e7448-6ed0a18e-d861591b {"name":"projects/mobilesignalmapper/locations/us-central1/operations/operation-1771562125390-64b39f32e7448-6ed0a18e-d861591b","metadata":{"@type":"type.googleapis.com/google.cloud.functions.v2.OperationMetadata","createTime":"2026-02-20T04:35:26.317521624Z","target":"projects/mobilesignalmapper/locations/us-central1/functions/ssrmobilesignalmapper","verb":"update","cancelRequested":false,"apiVersion":"v2","requestResource":{"@type":"type.googleapis.com/google.cloud.functions.v2.Function","name":"projects/mobilesignalmapper/locations/us-central1/functions/ssrmobilesignalmapper","buildConfig":{"runtime":"nodejs20","entryPoint":"ssrmobilesignalmapper","source":{"storageSource":{"bucket":"gcf-v2-sources-185216844453-us-central1","object":"ssrmobilesignalmapper/function-source.zip","generation":"1771562126251520"}},"environmentVariables":{"GOOGLE_NODE_RUN_SCRIPTS":""},"dockerRepository":"projects/mobilesignalmapper/locations/us-central1/repositories/gcf-artifacts","sourceProvenance":{"resolvedStorageSource":{"bucket":"gcf-v2-sources-185216844453-us-central1","object":"ssrmobilesignalmapper/function-source.zip","generation":"1771486550435076"}},"dockerRegistry":"ARTIFACT_REGISTRY","serviceAccount":"projects/mobilesignalmapper/serviceAccounts/185216844453-compute@developer.gserviceaccount.com","automaticUpdatePolicy":{}},"serviceConfig":{"service":"projects/mobilesignalmapper/locations/us-central1/services/ssrmobilesignalmapper","timeoutSeconds":60,"environmentVariables":{"GEMINI_API_KEY":"","VERCEL_URL":"mobilesignalmapper.web.app","__FIREBASE_FRAMEWORKS_ENTRY__":"next.js","__FIREBASE_DEFAULTS__":"{\"config\":{\"projectId\":\"mobilesignalmapper\",\"appId\":\"1:185216844453:web:4819b2585c8a962295834c\",\"storageBucket\":\"mobilesignalmapper.firebasestorage.app\",\"apiKey\":\"AIzaSyAV1u18vvA53ZN1G6FJzhCL88hPZRTG6B0\",\"authDomain\":\"mobilesignalmapper.firebaseapp.com\",\"messagingSenderId\":\"185216844453\",\"measurementId\":\"G-5LNGDQC7JH\",\"projectNumber\":\"185216844453\",\"version\":\"2\"},\"_authTokenSyncURL\":\"/__session\"}","FIREBASE_CONFIG":"{\"projectId\":\"mobilesignalmapper\",\"storageBucket\":\"mobilesignalmapper.firebasestorage.app\"}","GCLOUD_PROJECT":"mobilesignalmapper","EVENTARC_CLOUD_EVENT_SOURCE":"projects/mobilesignalmapper/locations/us-central1/services/ssrmobilesignalmapper","FUNCTION_TARGET":"ssrmobilesignalmapper","LOG_EXECUTION_ID":"true"},"ingressSettings":"ALLOW_ALL","uri":"https://ssrmobilesignalmapper-a5ckdsquxq-uc.a.run.app","serviceAccountEmail":"185216844453-compute@developer.gserviceaccount.com","availableMemory":"256Mi","allTrafficOnLatestRevision":true,"revision":"ssrmobilesignalmapper-00015-hid","maxInstanceRequestConcurrency":80,"availableCpu":"1"},"state":"ACTIVE","labels":{"deployment-tool":"cli-firebase--project-idx","firebase-functions-codebase":"firebase-frameworks-mobilesignalmapper","firebase-functions-hash":"cf23bae21ba7833bf7f481fecde62ae65379b817"},"environment":"GEN_2","url":"https://us-central1-mobilesignalmapper.cloudfunctions.net/ssrmobilesignalmapper","satisfiesPzi":true},"stages":[{"name":"BUILD","message":"Build in progress","state":"IN_PROGRESS","resource":"projects/185216844453/locations/us-central1/builds/89f452a6-8c8a-4bfe-bbec-804f7f9468d4","resourceUri":"https://console.cloud.google.com/cloud-build/builds;region=us-central1/89f452a6-8c8a-4bfe-bbec-804f7f9468d4?project=185216844453"},{"name":"SERVICE","state":"NOT_STARTED"}],"operationType":"UPDATE_FUNCTION","buildName":"projects/185216844453/locations/us-central1/builds/89f452a6-8c8a-4bfe-bbec-804f7f9468d4"},"done":false}
[debug] [2026-02-20T04:36:13.106Z] [update-firebase-frameworks-mobilesignalmapper-us-central1-ssrmobilesignalmapper] Retrying task index 0
[debug] [2026-02-20T04:36:13.109Z] Checked if tokens are valid: true, expires at: 1771565606236
[debug] [2026-02-20T04:36:13.109Z] Checked if tokens are valid: true, expires at: 1771565606236
[debug] [2026-02-20T04:36:13.109Z] >>> [apiv2][query] GET https://cloudfunctions.googleapis.com/v2/projects/mobilesignalmapper/locations/us-central1/operations/operation-1771562125390-64b39f32e7448-6ed0a18e-d861591b [none]
[debug] [2026-02-20T04:36:13.319Z] <<< [apiv2][status] GET https://cloudfunctions.googleapis.com/v2/projects/mobilesignalmapper/locations/us-central1/operations/operation-1771562125390-64b39f32e7448-6ed0a18e-d861591b 200
[debug] [2026-02-20T04:36:13.319Z] <<< [apiv2][body] GET https://cloudfunctions.googleapis.com/v2/projects/mobilesignalmapper/locations/us-central1/operations/operation-1771562125390-64b39f32e7448-6ed0a18e-d861591b {"name":"projects/mobilesignalmapper/locations/us-central1/operations/operation-1771562125390-64b39f32e7448-6ed0a18e-d861591b","metadata":{"@type":"type.googleapis.com/google.cloud.functions.v2.OperationMetadata","createTime":"2026-02-20T04:35:26.317521624Z","target":"projects/mobilesignalmapper/locations/us-central1/functions/ssrmobilesignalmapper","verb":"update","cancelRequested":false,"apiVersion":"v2","requestResource":{"@type":"type.googleapis.com/google.cloud.functions.v2.Function","name":"projects/mobilesignalmapper/locations/us-central1/functions/ssrmobilesignalmapper","buildConfig":{"runtime":"nodejs20","entryPoint":"ssrmobilesignalmapper","source":{"storageSource":{"bucket":"gcf-v2-sources-185216844453-us-central1","object":"ssrmobilesignalmapper/function-source.zip","generation":"1771562126251520"}},"environmentVariables":{"GOOGLE_NODE_RUN_SCRIPTS":""},"dockerRepository":"projects/mobilesignalmapper/locations/us-central1/repositories/gcf-artifacts","sourceProvenance":{"resolvedStorageSource":{"bucket":"gcf-v2-sources-185216844453-us-central1","object":"ssrmobilesignalmapper/function-source.zip","generation":"1771486550435076"}},"dockerRegistry":"ARTIFACT_REGISTRY","serviceAccount":"projects/mobilesignalmapper/serviceAccounts/185216844453-compute@developer.gserviceaccount.com","automaticUpdatePolicy":{}},"serviceConfig":{"service":"projects/mobilesignalmapper/locations/us-central1/services/ssrmobilesignalmapper","timeoutSeconds":60,"environmentVariables":{"GEMINI_API_KEY":"","VERCEL_URL":"mobilesignalmapper.web.app","__FIREBASE_FRAMEWORKS_ENTRY__":"next.js","__FIREBASE_DEFAULTS__":"{\"config\":{\"projectId\":\"mobilesignalmapper\",\"appId\":\"1:185216844453:web:4819b2585c8a962295834c\",\"storageBucket\":\"mobilesignalmapper.firebasestorage.app\",\"apiKey\":\"AIzaSyAV1u18vvA53ZN1G6FJzhCL88hPZRTG6B0\",\"authDomain\":\"mobilesignalmapper.firebaseapp.com\",\"messagingSenderId\":\"185216844453\",\"measurementId\":\"G-5LNGDQC7JH\",\"projectNumber\":\"185216844453\",\"version\":\"2\"},\"_authTokenSyncURL\":\"/__session\"}","FIREBASE_CONFIG":"{\"projectId\":\"mobilesignalmapper\",\"storageBucket\":\"mobilesignalmapper.firebasestorage.app\"}","GCLOUD_PROJECT":"mobilesignalmapper","EVENTARC_CLOUD_EVENT_SOURCE":"projects/mobilesignalmapper/locations/us-central1/services/ssrmobilesignalmapper","FUNCTION_TARGET":"ssrmobilesignalmapper","LOG_EXECUTION_ID":"true"},"ingressSettings":"ALLOW_ALL","uri":"https://ssrmobilesignalmapper-a5ckdsquxq-uc.a.run.app","serviceAccountEmail":"185216844453-compute@developer.gserviceaccount.com","availableMemory":"256Mi","allTrafficOnLatestRevision":true,"revision":"ssrmobilesignalmapper-00015-hid","maxInstanceRequestConcurrency":80,"availableCpu":"1"},"state":"ACTIVE","labels":{"deployment-tool":"cli-firebase--project-idx","firebase-functions-codebase":"firebase-frameworks-mobilesignalmapper","firebase-functions-hash":"cf23bae21ba7833bf7f481fecde62ae65379b817"},"environment":"GEN_2","url":"https://us-central1-mobilesignalmapper.cloudfunctions.net/ssrmobilesignalmapper","satisfiesPzi":true},"stages":[{"name":"BUILD","message":"Build in progress","state":"IN_PROGRESS","resource":"projects/185216844453/locations/us-central1/builds/89f452a6-8c8a-4bfe-bbec-804f7f9468d4","resourceUri":"https://console.cloud.google.com/cloud-build/builds;region=us-central1/89f452a6-8c8a-4bfe-bbec-804f7f9468d4?project=185216844453"},{"name":"SERVICE","state":"NOT_STARTED"}],"operationType":"UPDATE_FUNCTION","buildName":"projects/185216844453/locations/us-central1/builds/89f452a6-8c8a-4bfe-bbec-804f7f9468d4"},"done":false}
[debug] [2026-02-20T04:36:23.320Z] [update-firebase-frameworks-mobilesignalmapper-us-central1-ssrmobilesignalmapper] Retrying task index 0
[debug] [2026-02-20T04:36:23.322Z] Checked if tokens are valid: true, expires at: 1771565606236
[debug] [2026-02-20T04:36:23.322Z] Checked if tokens are valid: true, expires at: 1771565606236
[debug] [2026-02-20T04:36:23.322Z] >>> [apiv2][query] GET https://cloudfunctions.googleapis.com/v2/projects/mobilesignalmapper/locations/us-central1/operations/operation-1771562125390-64b39f32e7448-6ed0a18e-d861591b [none]
[debug] [2026-02-20T04:36:23.407Z] <<< [apiv2][status] GET https://cloudfunctions.googleapis.com/v2/projects/mobilesignalmapper/locations/us-central1/operations/operation-1771562125390-64b39f32e7448-6ed0a18e-d861591b 200
[debug] [2026-02-20T04:36:23.408Z] <<< [apiv2][body] GET https://cloudfunctions.googleapis.com/v2/projects/mobilesignalmapper/locations/us-central1/operations/operation-1771562125390-64b39f32e7448-6ed0a18e-d861591b {"name":"projects/mobilesignalmapper/locations/us-central1/operations/operation-1771562125390-64b39f32e7448-6ed0a18e-d861591b","metadata":{"@type":"type.googleapis.com/google.cloud.functions.v2.OperationMetadata","createTime":"2026-02-20T04:35:26.317521624Z","target":"projects/mobilesignalmapper/locations/us-central1/functions/ssrmobilesignalmapper","verb":"update","cancelRequested":false,"apiVersion":"v2","requestResource":{"@type":"type.googleapis.com/google.cloud.functions.v2.Function","name":"projects/mobilesignalmapper/locations/us-central1/functions/ssrmobilesignalmapper","buildConfig":{"runtime":"nodejs20","entryPoint":"ssrmobilesignalmapper","source":{"storageSource":{"bucket":"gcf-v2-sources-185216844453-us-central1","object":"ssrmobilesignalmapper/function-source.zip","generation":"1771562126251520"}},"environmentVariables":{"GOOGLE_NODE_RUN_SCRIPTS":""},"dockerRepository":"projects/mobilesignalmapper/locations/us-central1/repositories/gcf-artifacts","sourceProvenance":{"resolvedStorageSource":{"bucket":"gcf-v2-sources-185216844453-us-central1","object":"ssrmobilesignalmapper/function-source.zip","generation":"1771486550435076"}},"dockerRegistry":"ARTIFACT_REGISTRY","serviceAccount":"projects/mobilesignalmapper/serviceAccounts/185216844453-compute@developer.gserviceaccount.com","automaticUpdatePolicy":{}},"serviceConfig":{"service":"projects/mobilesignalmapper/locations/us-central1/services/ssrmobilesignalmapper","timeoutSeconds":60,"environmentVariables":{"GEMINI_API_KEY":"","VERCEL_URL":"mobilesignalmapper.web.app","__FIREBASE_FRAMEWORKS_ENTRY__":"next.js","__FIREBASE_DEFAULTS__":"{\"config\":{\"projectId\":\"mobilesignalmapper\",\"appId\":\"1:185216844453:web:4819b2585c8a962295834c\",\"storageBucket\":\"mobilesignalmapper.firebasestorage.app\",\"apiKey\":\"AIzaSyAV1u18vvA53ZN1G6FJzhCL88hPZRTG6B0\",\"authDomain\":\"mobilesignalmapper.firebaseapp.com\",\"messagingSenderId\":\"185216844453\",\"measurementId\":\"G-5LNGDQC7JH\",\"projectNumber\":\"185216844453\",\"version\":\"2\"},\"_authTokenSyncURL\":\"/__session\"}","FIREBASE_CONFIG":"{\"projectId\":\"mobilesignalmapper\",\"storageBucket\":\"mobilesignalmapper.firebasestorage.app\"}","GCLOUD_PROJECT":"mobilesignalmapper","EVENTARC_CLOUD_EVENT_SOURCE":"projects/mobilesignalmapper/locations/us-central1/services/ssrmobilesignalmapper","FUNCTION_TARGET":"ssrmobilesignalmapper","LOG_EXECUTION_ID":"true"},"ingressSettings":"ALLOW_ALL","uri":"https://ssrmobilesignalmapper-a5ckdsquxq-uc.a.run.app","serviceAccountEmail":"185216844453-compute@developer.gserviceaccount.com","availableMemory":"256Mi","allTrafficOnLatestRevision":true,"revision":"ssrmobilesignalmapper-00015-hid","maxInstanceRequestConcurrency":80,"availableCpu":"1"},"state":"ACTIVE","labels":{"deployment-tool":"cli-firebase--project-idx","firebase-functions-codebase":"firebase-frameworks-mobilesignalmapper","firebase-functions-hash":"cf23bae21ba7833bf7f481fecde62ae65379b817"},"environment":"GEN_2","url":"https://us-central1-mobilesignalmapper.cloudfunctions.net/ssrmobilesignalmapper","satisfiesPzi":true},"stages":[{"name":"BUILD","message":"Build in progress","state":"IN_PROGRESS","resource":"projects/185216844453/locations/us-central1/builds/89f452a6-8c8a-4bfe-bbec-804f7f9468d4","resourceUri":"https://console.cloud.google.com/cloud-build/builds;region=us-central1/89f452a6-8c8a-4bfe-bbec-804f7f9468d4?project=185216844453"},{"name":"SERVICE","state":"NOT_STARTED"}],"operationType":"UPDATE_FUNCTION","buildName":"projects/185216844453/locations/us-central1/builds/89f452a6-8c8a-4bfe-bbec-804f7f9468d4"},"done":false}
[debug] [2026-02-20T04:36:33.412Z] [update-firebase-frameworks-mobilesignalmapper-us-central1-ssrmobilesignalmapper] Retrying task index 0
[debug] [2026-02-20T04:36:33.412Z] Checked if tokens are valid: true, expires at: 1771565606236
[debug] [2026-02-20T04:36:33.413Z] Checked if tokens are valid: true, expires at: 1771565606236
[debug] [2026-02-20T04:36:33.413Z] >>> [apiv2][query] GET https://cloudfunctions.googleapis.com/v2/projects/mobilesignalmapper/locations/us-central1/operations/operation-1771562125390-64b39f32e7448-6ed0a18e-d861591b [none]
[debug] [2026-02-20T04:36:33.509Z] <<< [apiv2][status] GET https://cloudfunctions.googleapis.com/v2/projects/mobilesignalmapper/locations/us-central1/operations/operation-1771562125390-64b39f32e7448-6ed0a18e-d861591b 200
[debug] [2026-02-20T04:36:33.509Z] <<< [apiv2][body] GET https://cloudfunctions.googleapis.com/v2/projects/mobilesignalmapper/locations/us-central1/operations/operation-1771562125390-64b39f32e7448-6ed0a18e-d861591b {"name":"projects/mobilesignalmapper/locations/us-central1/operations/operation-1771562125390-64b39f32e7448-6ed0a18e-d861591b","metadata":{"@type":"type.googleapis.com/google.cloud.functions.v2.OperationMetadata","createTime":"2026-02-20T04:35:26.317521624Z","target":"projects/mobilesignalmapper/locations/us-central1/functions/ssrmobilesignalmapper","verb":"update","cancelRequested":false,"apiVersion":"v2","requestResource":{"@type":"type.googleapis.com/google.cloud.functions.v2.Function","name":"projects/mobilesignalmapper/locations/us-central1/functions/ssrmobilesignalmapper","buildConfig":{"runtime":"nodejs20","entryPoint":"ssrmobilesignalmapper","source":{"storageSource":{"bucket":"gcf-v2-sources-185216844453-us-central1","object":"ssrmobilesignalmapper/function-source.zip","generation":"1771562126251520"}},"environmentVariables":{"GOOGLE_NODE_RUN_SCRIPTS":""},"dockerRepository":"projects/mobilesignalmapper/locations/us-central1/repositories/gcf-artifacts","sourceProvenance":{"resolvedStorageSource":{"bucket":"gcf-v2-sources-185216844453-us-central1","object":"ssrmobilesignalmapper/function-source.zip","generation":"1771486550435076"}},"dockerRegistry":"ARTIFACT_REGISTRY","serviceAccount":"projects/mobilesignalmapper/serviceAccounts/185216844453-compute@developer.gserviceaccount.com","automaticUpdatePolicy":{}},"serviceConfig":{"service":"projects/mobilesignalmapper/locations/us-central1/services/ssrmobilesignalmapper","timeoutSeconds":60,"environmentVariables":{"GEMINI_API_KEY":"","VERCEL_URL":"mobilesignalmapper.web.app","__FIREBASE_FRAMEWORKS_ENTRY__":"next.js","__FIREBASE_DEFAULTS__":"{\"config\":{\"projectId\":\"mobilesignalmapper\",\"appId\":\"1:185216844453:web:4819b2585c8a962295834c\",\"storageBucket\":\"mobilesignalmapper.firebasestorage.app\",\"apiKey\":\"AIzaSyAV1u18vvA53ZN1G6FJzhCL88hPZRTG6B0\",\"authDomain\":\"mobilesignalmapper.firebaseapp.com\",\"messagingSenderId\":\"185216844453\",\"measurementId\":\"G-5LNGDQC7JH\",\"projectNumber\":\"185216844453\",\"version\":\"2\"},\"_authTokenSyncURL\":\"/__session\"}","FIREBASE_CONFIG":"{\"projectId\":\"mobilesignalmapper\",\"storageBucket\":\"mobilesignalmapper.firebasestorage.app\"}","GCLOUD_PROJECT":"mobilesignalmapper","EVENTARC_CLOUD_EVENT_SOURCE":"projects/mobilesignalmapper/locations/us-central1/services/ssrmobilesignalmapper","FUNCTION_TARGET":"ssrmobilesignalmapper","LOG_EXECUTION_ID":"true"},"ingressSettings":"ALLOW_ALL","uri":"https://ssrmobilesignalmapper-a5ckdsquxq-uc.a.run.app","serviceAccountEmail":"185216844453-compute@developer.gserviceaccount.com","availableMemory":"256Mi","allTrafficOnLatestRevision":true,"revision":"ssrmobilesignalmapper-00015-hid","maxInstanceRequestConcurrency":80,"availableCpu":"1"},"state":"ACTIVE","labels":{"deployment-tool":"cli-firebase--project-idx","firebase-functions-codebase":"firebase-frameworks-mobilesignalmapper","firebase-functions-hash":"cf23bae21ba7833bf7f481fecde62ae65379b817"},"environment":"GEN_2","url":"https://us-central1-mobilesignalmapper.cloudfunctions.net/ssrmobilesignalmapper","satisfiesPzi":true},"stages":[{"name":"BUILD","message":"Build in progress","state":"IN_PROGRESS","resource":"projects/185216844453/locations/us-central1/builds/89f452a6-8c8a-4bfe-bbec-804f7f9468d4","resourceUri":"https://console.cloud.google.com/cloud-build/builds;region=us-central1/89f452a6-8c8a-4bfe-bbec-804f7f9468d4?project=185216844453"},{"name":"SERVICE","state":"NOT_STARTED"}],"operationType":"UPDATE_FUNCTION","buildName":"projects/185216844453/locations/us-central1/builds/89f452a6-8c8a-4bfe-bbec-804f7f9468d4"},"done":false}
[debug] [2026-02-20T04:36:43.514Z] [update-firebase-frameworks-mobilesignalmapper-us-central1-ssrmobilesignalmapper] Retrying task index 0
[debug] [2026-02-20T04:36:43.518Z] Checked if tokens are valid: true, expires at: 1771565606236
[debug] [2026-02-20T04:36:43.528Z] Checked if tokens are valid: true, expires at: 1771565606236
[debug] [2026-02-20T04:36:43.528Z] >>> [apiv2][query] GET https://cloudfunctions.googleapis.com/v2/projects/mobilesignalmapper/locations/us-central1/operations/operation-1771562125390-64b39f32e7448-6ed0a18e-d861591b [none]
[debug] [2026-02-20T04:36:43.766Z] <<< [apiv2][status] GET https://cloudfunctions.googleapis.com/v2/projects/mobilesignalmapper/locations/us-central1/operations/operation-1771562125390-64b39f32e7448-6ed0a18e-d861591b 200
[debug] [2026-02-20T04:36:43.766Z] <<< [apiv2][body] GET https://cloudfunctions.googleapis.com/v2/projects/mobilesignalmapper/locations/us-central1/operations/operation-1771562125390-64b39f32e7448-6ed0a18e-d861591b {"name":"projects/mobilesignalmapper/locations/us-central1/operations/operation-1771562125390-64b39f32e7448-6ed0a18e-d861591b","metadata":{"@type":"type.googleapis.com/google.cloud.functions.v2.OperationMetadata","createTime":"2026-02-20T04:35:26.317521624Z","target":"projects/mobilesignalmapper/locations/us-central1/functions/ssrmobilesignalmapper","verb":"update","cancelRequested":false,"apiVersion":"v2","requestResource":{"@type":"type.googleapis.com/google.cloud.functions.v2.Function","name":"projects/mobilesignalmapper/locations/us-central1/functions/ssrmobilesignalmapper","buildConfig":{"runtime":"nodejs20","entryPoint":"ssrmobilesignalmapper","source":{"storageSource":{"bucket":"gcf-v2-sources-185216844453-us-central1","object":"ssrmobilesignalmapper/function-source.zip","generation":"1771562126251520"}},"environmentVariables":{"GOOGLE_NODE_RUN_SCRIPTS":""},"dockerRepository":"projects/mobilesignalmapper/locations/us-central1/repositories/gcf-artifacts","sourceProvenance":{"resolvedStorageSource":{"bucket":"gcf-v2-sources-185216844453-us-central1","object":"ssrmobilesignalmapper/function-source.zip","generation":"1771486550435076"}},"dockerRegistry":"ARTIFACT_REGISTRY","serviceAccount":"projects/mobilesignalmapper/serviceAccounts/185216844453-compute@developer.gserviceaccount.com","automaticUpdatePolicy":{}},"serviceConfig":{"service":"projects/mobilesignalmapper/locations/us-central1/services/ssrmobilesignalmapper","timeoutSeconds":60,"environmentVariables":{"GEMINI_API_KEY":"","VERCEL_URL":"mobilesignalmapper.web.app","__FIREBASE_FRAMEWORKS_ENTRY__":"next.js","__FIREBASE_DEFAULTS__":"{\"config\":{\"projectId\":\"mobilesignalmapper\",\"appId\":\"1:185216844453:web:4819b2585c8a962295834c\",\"storageBucket\":\"mobilesignalmapper.firebasestorage.app\",\"apiKey\":\"AIzaSyAV1u18vvA53ZN1G6FJzhCL88hPZRTG6B0\",\"authDomain\":\"mobilesignalmapper.firebaseapp.com\",\"messagingSenderId\":\"185216844453\",\"measurementId\":\"G-5LNGDQC7JH\",\"projectNumber\":\"185216844453\",\"version\":\"2\"},\"_authTokenSyncURL\":\"/__session\"}","FIREBASE_CONFIG":"{\"projectId\":\"mobilesignalmapper\",\"storageBucket\":\"mobilesignalmapper.firebasestorage.app\"}","GCLOUD_PROJECT":"mobilesignalmapper","EVENTARC_CLOUD_EVENT_SOURCE":"projects/mobilesignalmapper/locations/us-central1/services/ssrmobilesignalmapper","FUNCTION_TARGET":"ssrmobilesignalmapper","LOG_EXECUTION_ID":"true"},"ingressSettings":"ALLOW_ALL","uri":"https://ssrmobilesignalmapper-a5ckdsquxq-uc.a.run.app","serviceAccountEmail":"185216844453-compute@developer.gserviceaccount.com","availableMemory":"256Mi","allTrafficOnLatestRevision":true,"revision":"ssrmobilesignalmapper-00015-hid","maxInstanceRequestConcurrency":80,"availableCpu":"1"},"state":"ACTIVE","labels":{"deployment-tool":"cli-firebase--project-idx","firebase-functions-codebase":"firebase-frameworks-mobilesignalmapper","firebase-functions-hash":"cf23bae21ba7833bf7f481fecde62ae65379b817"},"environment":"GEN_2","url":"https://us-central1-mobilesignalmapper.cloudfunctions.net/ssrmobilesignalmapper","satisfiesPzi":true},"stages":[{"name":"BUILD","message":"Build in progress","state":"IN_PROGRESS","resource":"projects/185216844453/locations/us-central1/builds/89f452a6-8c8a-4bfe-bbec-804f7f9468d4","resourceUri":"https://console.cloud.google.com/cloud-build/builds;region=us-central1/89f452a6-8c8a-4bfe-bbec-804f7f9468d4?project=185216844453"},{"name":"SERVICE","state":"NOT_STARTED"}],"operationType":"UPDATE_FUNCTION","buildName":"projects/185216844453/locations/us-central1/builds/89f452a6-8c8a-4bfe-bbec-804f7f9468d4"},"done":false}
[debug] [2026-02-20T04:36:53.775Z] [update-firebase-frameworks-mobilesignalmapper-us-central1-ssrmobilesignalmapper] Retrying task index 0
[debug] [2026-02-20T04:36:53.779Z] Checked if tokens are valid: true, expires at: 1771565606236
[debug] [2026-02-20T04:36:53.779Z] Checked if tokens are valid: true, expires at: 1771565606236
[debug] [2026-02-20T04:36:53.779Z] >>> [apiv2][query] GET https://cloudfunctions.googleapis.com/v2/projects/mobilesignalmapper/locations/us-central1/operations/operation-1771562125390-64b39f32e7448-6ed0a18e-d861591b [none]
[debug] [2026-02-20T04:36:53.975Z] <<< [apiv2][status] GET https://cloudfunctions.googleapis.com/v2/projects/mobilesignalmapper/locations/us-central1/operations/operation-1771562125390-64b39f32e7448-6ed0a18e-d861591b 200
[debug] [2026-02-20T04:36:53.975Z] <<< [apiv2][body] GET https://cloudfunctions.googleapis.com/v2/projects/mobilesignalmapper/locations/us-central1/operations/operation-1771562125390-64b39f32e7448-6ed0a18e-d861591b {"name":"projects/mobilesignalmapper/locations/us-central1/operations/operation-1771562125390-64b39f32e7448-6ed0a18e-d861591b","metadata":{"@type":"type.googleapis.com/google.cloud.functions.v2.OperationMetadata","createTime":"2026-02-20T04:35:26.317521624Z","target":"projects/mobilesignalmapper/locations/us-central1/functions/ssrmobilesignalmapper","verb":"update","cancelRequested":false,"apiVersion":"v2","requestResource":{"@type":"type.googleapis.com/google.cloud.functions.v2.Function","name":"projects/mobilesignalmapper/locations/us-central1/functions/ssrmobilesignalmapper","buildConfig":{"runtime":"nodejs20","entryPoint":"ssrmobilesignalmapper","source":{"storageSource":{"bucket":"gcf-v2-sources-185216844453-us-central1","object":"ssrmobilesignalmapper/function-source.zip","generation":"1771562126251520"}},"environmentVariables":{"GOOGLE_NODE_RUN_SCRIPTS":""},"dockerRepository":"projects/mobilesignalmapper/locations/us-central1/repositories/gcf-artifacts","sourceProvenance":{"resolvedStorageSource":{"bucket":"gcf-v2-sources-185216844453-us-central1","object":"ssrmobilesignalmapper/function-source.zip","generation":"1771486550435076"}},"dockerRegistry":"ARTIFACT_REGISTRY","serviceAccount":"projects/mobilesignalmapper/serviceAccounts/185216844453-compute@developer.gserviceaccount.com","automaticUpdatePolicy":{}},"serviceConfig":{"service":"projects/mobilesignalmapper/locations/us-central1/services/ssrmobilesignalmapper","timeoutSeconds":60,"environmentVariables":{"GEMINI_API_KEY":"","VERCEL_URL":"mobilesignalmapper.web.app","__FIREBASE_FRAMEWORKS_ENTRY__":"next.js","__FIREBASE_DEFAULTS__":"{\"config\":{\"projectId\":\"mobilesignalmapper\",\"appId\":\"1:185216844453:web:4819b2585c8a962295834c\",\"storageBucket\":\"mobilesignalmapper.firebasestorage.app\",\"apiKey\":\"AIzaSyAV1u18vvA53ZN1G6FJzhCL88hPZRTG6B0\",\"authDomain\":\"mobilesignalmapper.firebaseapp.com\",\"messagingSenderId\":\"185216844453\",\"measurementId\":\"G-5LNGDQC7JH\",\"projectNumber\":\"185216844453\",\"version\":\"2\"},\"_authTokenSyncURL\":\"/__session\"}","FIREBASE_CONFIG":"{\"projectId\":\"mobilesignalmapper\",\"storageBucket\":\"mobilesignalmapper.firebasestorage.app\"}","GCLOUD_PROJECT":"mobilesignalmapper","EVENTARC_CLOUD_EVENT_SOURCE":"projects/mobilesignalmapper/locations/us-central1/services/ssrmobilesignalmapper","FUNCTION_TARGET":"ssrmobilesignalmapper","LOG_EXECUTION_ID":"true"},"ingressSettings":"ALLOW_ALL","uri":"https://ssrmobilesignalmapper-a5ckdsquxq-uc.a.run.app","serviceAccountEmail":"185216844453-compute@developer.gserviceaccount.com","availableMemory":"256Mi","allTrafficOnLatestRevision":true,"revision":"ssrmobilesignalmapper-00015-hid","maxInstanceRequestConcurrency":80,"availableCpu":"1"},"state":"ACTIVE","labels":{"deployment-tool":"cli-firebase--project-idx","firebase-functions-codebase":"firebase-frameworks-mobilesignalmapper","firebase-functions-hash":"cf23bae21ba7833bf7f481fecde62ae65379b817"},"environment":"GEN_2","url":"https://us-central1-mobilesignalmapper.cloudfunctions.net/ssrmobilesignalmapper","satisfiesPzi":true},"stages":[{"name":"BUILD","message":"Build in progress","state":"IN_PROGRESS","resource":"projects/185216844453/locations/us-central1/builds/89f452a6-8c8a-4bfe-bbec-804f7f9468d4","resourceUri":"https://console.cloud.google.com/cloud-build/builds;region=us-central1/89f452a6-8c8a-4bfe-bbec-804f7f9468d4?project=185216844453"},{"name":"SERVICE","state":"NOT_STARTED"}],"operationType":"UPDATE_FUNCTION","buildName":"projects/185216844453/locations/us-central1/builds/89f452a6-8c8a-4bfe-bbec-804f7f9468d4"},"done":false}
[debug] [2026-02-20T04:37:03.980Z] [update-firebase-frameworks-mobilesignalmapper-us-central1-ssrmobilesignalmapper] Retrying task index 0
[debug] [2026-02-20T04:37:03.984Z] Checked if tokens are valid: true, expires at: 1771565606236
[debug] [2026-02-20T04:37:03.984Z] Checked if tokens are valid: true, expires at: 1771565606236
[debug] [2026-02-20T04:37:03.987Z] >>> [apiv2][query] GET https://cloudfunctions.googleapis.com/v2/projects/mobilesignalmapper/locations/us-central1/operations/operation-1771562125390-64b39f32e7448-6ed0a18e-d861591b [none]
[debug] [2026-02-20T04:37:04.193Z] <<< [apiv2][status] GET https://cloudfunctions.googleapis.com/v2/projects/mobilesignalmapper/locations/us-central1/operations/operation-1771562125390-64b39f32e7448-6ed0a18e-d861591b 200
[debug] [2026-02-20T04:37:04.194Z] <<< [apiv2][body] GET https://cloudfunctions.googleapis.com/v2/projects/mobilesignalmapper/locations/us-central1/operations/operation-1771562125390-64b39f32e7448-6ed0a18e-d861591b {"name":"projects/mobilesignalmapper/locations/us-central1/operations/operation-1771562125390-64b39f32e7448-6ed0a18e-d861591b","metadata":{"@type":"type.googleapis.com/google.cloud.functions.v2.OperationMetadata","createTime":"2026-02-20T04:35:26.317521624Z","target":"projects/mobilesignalmapper/locations/us-central1/functions/ssrmobilesignalmapper","verb":"update","cancelRequested":false,"apiVersion":"v2","requestResource":{"@type":"type.googleapis.com/google.cloud.functions.v2.Function","name":"projects/mobilesignalmapper/locations/us-central1/functions/ssrmobilesignalmapper","buildConfig":{"runtime":"nodejs20","entryPoint":"ssrmobilesignalmapper","source":{"storageSource":{"bucket":"gcf-v2-sources-185216844453-us-central1","object":"ssrmobilesignalmapper/function-source.zip","generation":"1771562126251520"}},"environmentVariables":{"GOOGLE_NODE_RUN_SCRIPTS":""},"dockerRepository":"projects/mobilesignalmapper/locations/us-central1/repositories/gcf-artifacts","sourceProvenance":{"resolvedStorageSource":{"bucket":"gcf-v2-sources-185216844453-us-central1","object":"ssrmobilesignalmapper/function-source.zip","generation":"1771486550435076"}},"dockerRegistry":"ARTIFACT_REGISTRY","serviceAccount":"projects/mobilesignalmapper/serviceAccounts/185216844453-compute@developer.gserviceaccount.com","automaticUpdatePolicy":{}},"serviceConfig":{"service":"projects/mobilesignalmapper/locations/us-central1/services/ssrmobilesignalmapper","timeoutSeconds":60,"environmentVariables":{"GEMINI_API_KEY":"","VERCEL_URL":"mobilesignalmapper.web.app","__FIREBASE_FRAMEWORKS_ENTRY__":"next.js","__FIREBASE_DEFAULTS__":"{\"config\":{\"projectId\":\"mobilesignalmapper\",\"appId\":\"1:185216844453:web:4819b2585c8a962295834c\",\"storageBucket\":\"mobilesignalmapper.firebasestorage.app\",\"apiKey\":\"AIzaSyAV1u18vvA53ZN1G6FJzhCL88hPZRTG6B0\",\"authDomain\":\"mobilesignalmapper.firebaseapp.com\",\"messagingSenderId\":\"185216844453\",\"measurementId\":\"G-5LNGDQC7JH\",\"projectNumber\":\"185216844453\",\"version\":\"2\"},\"_authTokenSyncURL\":\"/__session\"}","FIREBASE_CONFIG":"{\"projectId\":\"mobilesignalmapper\",\"storageBucket\":\"mobilesignalmapper.firebasestorage.app\"}","GCLOUD_PROJECT":"mobilesignalmapper","EVENTARC_CLOUD_EVENT_SOURCE":"projects/mobilesignalmapper/locations/us-central1/services/ssrmobilesignalmapper","FUNCTION_TARGET":"ssrmobilesignalmapper","LOG_EXECUTION_ID":"true"},"ingressSettings":"ALLOW_ALL","uri":"https://ssrmobilesignalmapper-a5ckdsquxq-uc.a.run.app","serviceAccountEmail":"185216844453-compute@developer.gserviceaccount.com","availableMemory":"256Mi","allTrafficOnLatestRevision":true,"revision":"ssrmobilesignalmapper-00015-hid","maxInstanceRequestConcurrency":80,"availableCpu":"1"},"state":"ACTIVE","labels":{"deployment-tool":"cli-firebase--project-idx","firebase-functions-codebase":"firebase-frameworks-mobilesignalmapper","firebase-functions-hash":"cf23bae21ba7833bf7f481fecde62ae65379b817"},"environment":"GEN_2","url":"https://us-central1-mobilesignalmapper.cloudfunctions.net/ssrmobilesignalmapper","satisfiesPzi":true},"stages":[{"name":"BUILD","message":"Build in progress","state":"IN_PROGRESS","resource":"projects/185216844453/locations/us-central1/builds/89f452a6-8c8a-4bfe-bbec-804f7f9468d4","resourceUri":"https://console.cloud.google.com/cloud-build/builds;region=us-central1/89f452a6-8c8a-4bfe-bbec-804f7f9468d4?project=185216844453"},{"name":"SERVICE","state":"NOT_STARTED"}],"operationType":"UPDATE_FUNCTION","buildName":"projects/185216844453/locations/us-central1/builds/89f452a6-8c8a-4bfe-bbec-804f7f9468d4"},"done":false}
[debug] [2026-02-20T04:37:14.198Z] [update-firebase-frameworks-mobilesignalmapper-us-central1-ssrmobilesignalmapper] Retrying task index 0
[debug] [2026-02-20T04:37:14.200Z] Checked if tokens are valid: true, expires at: 1771565606236
[debug] [2026-02-20T04:37:14.200Z] Checked if tokens are valid: true, expires at: 1771565606236
[debug] [2026-02-20T04:37:14.201Z] >>> [apiv2][query] GET https://cloudfunctions.googleapis.com/v2/projects/mobilesignalmapper/locations/us-central1/operations/operation-1771562125390-64b39f32e7448-6ed0a18e-d861591b [none]
[debug] [2026-02-20T04:37:14.306Z] <<< [apiv2][status] GET https://cloudfunctions.googleapis.com/v2/projects/mobilesignalmapper/locations/us-central1/operations/operation-1771562125390-64b39f32e7448-6ed0a18e-d861591b 200
[debug] [2026-02-20T04:37:14.306Z] <<< [apiv2][body] GET https://cloudfunctions.googleapis.com/v2/projects/mobilesignalmapper/locations/us-central1/operations/operation-1771562125390-64b39f32e7448-6ed0a18e-d861591b {"name":"projects/mobilesignalmapper/locations/us-central1/operations/operation-1771562125390-64b39f32e7448-6ed0a18e-d861591b","metadata":{"@type":"type.googleapis.com/google.cloud.functions.v2.OperationMetadata","createTime":"2026-02-20T04:35:26.317521624Z","target":"projects/mobilesignalmapper/locations/us-central1/functions/ssrmobilesignalmapper","verb":"update","cancelRequested":false,"apiVersion":"v2","requestResource":{"@type":"type.googleapis.com/google.cloud.functions.v2.Function","name":"projects/mobilesignalmapper/locations/us-central1/functions/ssrmobilesignalmapper","buildConfig":{"runtime":"nodejs20","entryPoint":"ssrmobilesignalmapper","source":{"storageSource":{"bucket":"gcf-v2-sources-185216844453-us-central1","object":"ssrmobilesignalmapper/function-source.zip","generation":"1771562126251520"}},"environmentVariables":{"GOOGLE_NODE_RUN_SCRIPTS":""},"dockerRepository":"projects/mobilesignalmapper/locations/us-central1/repositories/gcf-artifacts","sourceProvenance":{"resolvedStorageSource":{"bucket":"gcf-v2-sources-185216844453-us-central1","object":"ssrmobilesignalmapper/function-source.zip","generation":"1771486550435076"}},"dockerRegistry":"ARTIFACT_REGISTRY","serviceAccount":"projects/mobilesignalmapper/serviceAccounts/185216844453-compute@developer.gserviceaccount.com","automaticUpdatePolicy":{}},"serviceConfig":{"service":"projects/mobilesignalmapper/locations/us-central1/services/ssrmobilesignalmapper","timeoutSeconds":60,"environmentVariables":{"GEMINI_API_KEY":"","VERCEL_URL":"mobilesignalmapper.web.app","__FIREBASE_FRAMEWORKS_ENTRY__":"next.js","__FIREBASE_DEFAULTS__":"{\"config\":{\"projectId\":\"mobilesignalmapper\",\"appId\":\"1:185216844453:web:4819b2585c8a962295834c\",\"storageBucket\":\"mobilesignalmapper.firebasestorage.app\",\"apiKey\":\"AIzaSyAV1u18vvA53ZN1G6FJzhCL88hPZRTG6B0\",\"authDomain\":\"mobilesignalmapper.firebaseapp.com\",\"messagingSenderId\":\"185216844453\",\"measurementId\":\"G-5LNGDQC7JH\",\"projectNumber\":\"185216844453\",\"version\":\"2\"},\"_authTokenSyncURL\":\"/__session\"}","FIREBASE_CONFIG":"{\"projectId\":\"mobilesignalmapper\",\"storageBucket\":\"mobilesignalmapper.firebasestorage.app\"}","GCLOUD_PROJECT":"mobilesignalmapper","EVENTARC_CLOUD_EVENT_SOURCE":"projects/mobilesignalmapper/locations/us-central1/services/ssrmobilesignalmapper","FUNCTION_TARGET":"ssrmobilesignalmapper","LOG_EXECUTION_ID":"true"},"ingressSettings":"ALLOW_ALL","uri":"https://ssrmobilesignalmapper-a5ckdsquxq-uc.a.run.app","serviceAccountEmail":"185216844453-compute@developer.gserviceaccount.com","availableMemory":"256Mi","allTrafficOnLatestRevision":true,"revision":"ssrmobilesignalmapper-00015-hid","maxInstanceRequestConcurrency":80,"availableCpu":"1"},"state":"ACTIVE","labels":{"deployment-tool":"cli-firebase--project-idx","firebase-functions-codebase":"firebase-frameworks-mobilesignalmapper","firebase-functions-hash":"cf23bae21ba7833bf7f481fecde62ae65379b817"},"environment":"GEN_2","url":"https://us-central1-mobilesignalmapper.cloudfunctions.net/ssrmobilesignalmapper","satisfiesPzi":true},"stages":[{"name":"BUILD","message":"Build in progress","state":"IN_PROGRESS","resource":"projects/185216844453/locations/us-central1/builds/89f452a6-8c8a-4bfe-bbec-804f7f9468d4","resourceUri":"https://console.cloud.google.com/cloud-build/builds;region=us-central1/89f452a6-8c8a-4bfe-bbec-804f7f9468d4?project=185216844453"},{"name":"SERVICE","state":"NOT_STARTED"}],"operationType":"UPDATE_FUNCTION","buildName":"projects/185216844453/locations/us-central1/builds/89f452a6-8c8a-4bfe-bbec-804f7f9468d4"},"done":false}
[debug] [2026-02-20T04:37:24.312Z] [update-firebase-frameworks-mobilesignalmapper-us-central1-ssrmobilesignalmapper] Retrying task index 0
[debug] [2026-02-20T04:37:24.313Z] Checked if tokens are valid: true, expires at: 1771565606236
[debug] [2026-02-20T04:37:24.314Z] Checked if tokens are valid: true, expires at: 1771565606236
[debug] [2026-02-20T04:37:24.314Z] >>> [apiv2][query] GET https://cloudfunctions.googleapis.com/v2/projects/mobilesignalmapper/locations/us-central1/operations/operation-1771562125390-64b39f32e7448-6ed0a18e-d861591b [none]
[debug] [2026-02-20T04:37:24.506Z] <<< [apiv2][status] GET https://cloudfunctions.googleapis.com/v2/projects/mobilesignalmapper/locations/us-central1/operations/operation-1771562125390-64b39f32e7448-6ed0a18e-d861591b 200
[debug] [2026-02-20T04:37:24.506Z] <<< [apiv2][body] GET https://cloudfunctions.googleapis.com/v2/projects/mobilesignalmapper/locations/us-central1/operations/operation-1771562125390-64b39f32e7448-6ed0a18e-d861591b {"name":"projects/mobilesignalmapper/locations/us-central1/operations/operation-1771562125390-64b39f32e7448-6ed0a18e-d861591b","metadata":{"@type":"type.googleapis.com/google.cloud.functions.v2.OperationMetadata","createTime":"2026-02-20T04:35:26.317521624Z","target":"projects/mobilesignalmapper/locations/us-central1/functions/ssrmobilesignalmapper","verb":"update","cancelRequested":false,"apiVersion":"v2","requestResource":{"@type":"type.googleapis.com/google.cloud.functions.v2.Function","name":"projects/mobilesignalmapper/locations/us-central1/functions/ssrmobilesignalmapper","buildConfig":{"runtime":"nodejs20","entryPoint":"ssrmobilesignalmapper","source":{"storageSource":{"bucket":"gcf-v2-sources-185216844453-us-central1","object":"ssrmobilesignalmapper/function-source.zip","generation":"1771562126251520"}},"environmentVariables":{"GOOGLE_NODE_RUN_SCRIPTS":""},"dockerRepository":"projects/mobilesignalmapper/locations/us-central1/repositories/gcf-artifacts","sourceProvenance":{"resolvedStorageSource":{"bucket":"gcf-v2-sources-185216844453-us-central1","object":"ssrmobilesignalmapper/function-source.zip","generation":"1771486550435076"}},"dockerRegistry":"ARTIFACT_REGISTRY","serviceAccount":"projects/mobilesignalmapper/serviceAccounts/185216844453-compute@developer.gserviceaccount.com","automaticUpdatePolicy":{}},"serviceConfig":{"service":"projects/mobilesignalmapper/locations/us-central1/services/ssrmobilesignalmapper","timeoutSeconds":60,"environmentVariables":{"GEMINI_API_KEY":"","VERCEL_URL":"mobilesignalmapper.web.app","__FIREBASE_FRAMEWORKS_ENTRY__":"next.js","__FIREBASE_DEFAULTS__":"{\"config\":{\"projectId\":\"mobilesignalmapper\",\"appId\":\"1:185216844453:web:4819b2585c8a962295834c\",\"storageBucket\":\"mobilesignalmapper.firebasestorage.app\",\"apiKey\":\"AIzaSyAV1u18vvA53ZN1G6FJzhCL88hPZRTG6B0\",\"authDomain\":\"mobilesignalmapper.firebaseapp.com\",\"messagingSenderId\":\"185216844453\",\"measurementId\":\"G-5LNGDQC7JH\",\"projectNumber\":\"185216844453\",\"version\":\"2\"},\"_authTokenSyncURL\":\"/__session\"}","FIREBASE_CONFIG":"{\"projectId\":\"mobilesignalmapper\",\"storageBucket\":\"mobilesignalmapper.firebasestorage.app\"}","GCLOUD_PROJECT":"mobilesignalmapper","EVENTARC_CLOUD_EVENT_SOURCE":"projects/mobilesignalmapper/locations/us-central1/services/ssrmobilesignalmapper","FUNCTION_TARGET":"ssrmobilesignalmapper","LOG_EXECUTION_ID":"true"},"ingressSettings":"ALLOW_ALL","uri":"https://ssrmobilesignalmapper-a5ckdsquxq-uc.a.run.app","serviceAccountEmail":"185216844453-compute@developer.gserviceaccount.com","availableMemory":"256Mi","allTrafficOnLatestRevision":true,"revision":"ssrmobilesignalmapper-00015-hid","maxInstanceRequestConcurrency":80,"availableCpu":"1"},"state":"ACTIVE","labels":{"deployment-tool":"cli-firebase--project-idx","firebase-functions-codebase":"firebase-frameworks-mobilesignalmapper","firebase-functions-hash":"cf23bae21ba7833bf7f481fecde62ae65379b817"},"environment":"GEN_2","url":"https://us-central1-mobilesignalmapper.cloudfunctions.net/ssrmobilesignalmapper","satisfiesPzi":true},"stages":[{"name":"BUILD","message":"Build in progress","state":"IN_PROGRESS","resource":"projects/185216844453/locations/us-central1/builds/89f452a6-8c8a-4bfe-bbec-804f7f9468d4","resourceUri":"https://console.cloud.google.com/cloud-build/builds;region=us-central1/89f452a6-8c8a-4bfe-bbec-804f7f9468d4?project=185216844453"},{"name":"SERVICE","state":"NOT_STARTED"}],"operationType":"UPDATE_FUNCTION","buildName":"projects/185216844453/locations/us-central1/builds/89f452a6-8c8a-4bfe-bbec-804f7f9468d4"},"done":false}
[debug] [2026-02-20T04:37:34.513Z] [update-firebase-frameworks-mobilesignalmapper-us-central1-ssrmobilesignalmapper] Retrying task index 0
[debug] [2026-02-20T04:37:34.515Z] Checked if tokens are valid: true, expires at: 1771565606236
[debug] [2026-02-20T04:37:34.515Z] Checked if tokens are valid: true, expires at: 1771565606236
[debug] [2026-02-20T04:37:34.515Z] >>> [apiv2][query] GET https://cloudfunctions.googleapis.com/v2/projects/mobilesignalmapper/locations/us-central1/operations/operation-1771562125390-64b39f32e7448-6ed0a18e-d861591b [none]
[debug] [2026-02-20T04:37:34.735Z] <<< [apiv2][status] GET https://cloudfunctions.googleapis.com/v2/projects/mobilesignalmapper/locations/us-central1/operations/operation-1771562125390-64b39f32e7448-6ed0a18e-d861591b 200
[debug] [2026-02-20T04:37:34.736Z] <<< [apiv2][body] GET https://cloudfunctions.googleapis.com/v2/projects/mobilesignalmapper/locations/us-central1/operations/operation-1771562125390-64b39f32e7448-6ed0a18e-d861591b {"name":"projects/mobilesignalmapper/locations/us-central1/operations/operation-1771562125390-64b39f32e7448-6ed0a18e-d861591b","metadata":{"@type":"type.googleapis.com/google.cloud.functions.v2.OperationMetadata","createTime":"2026-02-20T04:35:26.317521624Z","target":"projects/mobilesignalmapper/locations/us-central1/functions/ssrmobilesignalmapper","verb":"update","cancelRequested":false,"apiVersion":"v2","requestResource":{"@type":"type.googleapis.com/google.cloud.functions.v2.Function","name":"projects/mobilesignalmapper/locations/us-central1/functions/ssrmobilesignalmapper","buildConfig":{"runtime":"nodejs20","entryPoint":"ssrmobilesignalmapper","source":{"storageSource":{"bucket":"gcf-v2-sources-185216844453-us-central1","object":"ssrmobilesignalmapper/function-source.zip","generation":"1771562126251520"}},"environmentVariables":{"GOOGLE_NODE_RUN_SCRIPTS":""},"dockerRepository":"projects/mobilesignalmapper/locations/us-central1/repositories/gcf-artifacts","sourceProvenance":{"resolvedStorageSource":{"bucket":"gcf-v2-sources-185216844453-us-central1","object":"ssrmobilesignalmapper/function-source.zip","generation":"1771486550435076"}},"dockerRegistry":"ARTIFACT_REGISTRY","serviceAccount":"projects/mobilesignalmapper/serviceAccounts/185216844453-compute@developer.gserviceaccount.com","automaticUpdatePolicy":{}},"serviceConfig":{"service":"projects/mobilesignalmapper/locations/us-central1/services/ssrmobilesignalmapper","timeoutSeconds":60,"environmentVariables":{"GEMINI_API_KEY":"","VERCEL_URL":"mobilesignalmapper.web.app","__FIREBASE_FRAMEWORKS_ENTRY__":"next.js","__FIREBASE_DEFAULTS__":"{\"config\":{\"projectId\":\"mobilesignalmapper\",\"appId\":\"1:185216844453:web:4819b2585c8a962295834c\",\"storageBucket\":\"mobilesignalmapper.firebasestorage.app\",\"apiKey\":\"AIzaSyAV1u18vvA53ZN1G6FJzhCL88hPZRTG6B0\",\"authDomain\":\"mobilesignalmapper.firebaseapp.com\",\"messagingSenderId\":\"185216844453\",\"measurementId\":\"G-5LNGDQC7JH\",\"projectNumber\":\"185216844453\",\"version\":\"2\"},\"_authTokenSyncURL\":\"/__session\"}","FIREBASE_CONFIG":"{\"projectId\":\"mobilesignalmapper\",\"storageBucket\":\"mobilesignalmapper.firebasestorage.app\"}","GCLOUD_PROJECT":"mobilesignalmapper","EVENTARC_CLOUD_EVENT_SOURCE":"projects/mobilesignalmapper/locations/us-central1/services/ssrmobilesignalmapper","FUNCTION_TARGET":"ssrmobilesignalmapper","LOG_EXECUTION_ID":"true"},"ingressSettings":"ALLOW_ALL","uri":"https://ssrmobilesignalmapper-a5ckdsquxq-uc.a.run.app","serviceAccountEmail":"185216844453-compute@developer.gserviceaccount.com","availableMemory":"256Mi","allTrafficOnLatestRevision":true,"revision":"ssrmobilesignalmapper-00015-hid","maxInstanceRequestConcurrency":80,"availableCpu":"1"},"state":"ACTIVE","labels":{"deployment-tool":"cli-firebase--project-idx","firebase-functions-codebase":"firebase-frameworks-mobilesignalmapper","firebase-functions-hash":"cf23bae21ba7833bf7f481fecde62ae65379b817"},"environment":"GEN_2","url":"https://us-central1-mobilesignalmapper.cloudfunctions.net/ssrmobilesignalmapper","satisfiesPzi":true},"stages":[{"name":"BUILD","message":"Build in progress","state":"IN_PROGRESS","resource":"projects/185216844453/locations/us-central1/builds/89f452a6-8c8a-4bfe-bbec-804f7f9468d4","resourceUri":"https://console.cloud.google.com/cloud-build/builds;region=us-central1/89f452a6-8c8a-4bfe-bbec-804f7f9468d4?project=185216844453"},{"name":"SERVICE","state":"NOT_STARTED"}],"operationType":"UPDATE_FUNCTION","buildName":"projects/185216844453/locations/us-central1/builds/89f452a6-8c8a-4bfe-bbec-804f7f9468d4"},"done":false}
[debug] [2026-02-20T04:37:44.742Z] [update-firebase-frameworks-mobilesignalmapper-us-central1-ssrmobilesignalmapper] Retrying task index 0
[debug] [2026-02-20T04:37:44.744Z] Checked if tokens are valid: true, expires at: 1771565606236
[debug] [2026-02-20T04:37:44.744Z] Checked if tokens are valid: true, expires at: 1771565606236
[debug] [2026-02-20T04:37:44.744Z] >>> [apiv2][query] GET https://cloudfunctions.googleapis.com/v2/projects/mobilesignalmapper/locations/us-central1/operations/operation-1771562125390-64b39f32e7448-6ed0a18e-d861591b [none]
[debug] [2026-02-20T04:37:44.958Z] <<< [apiv2][status] GET https://cloudfunctions.googleapis.com/v2/projects/mobilesignalmapper/locations/us-central1/operations/operation-1771562125390-64b39f32e7448-6ed0a18e-d861591b 200
[debug] [2026-02-20T04:37:44.959Z] <<< [apiv2][body] GET https://cloudfunctions.googleapis.com/v2/projects/mobilesignalmapper/locations/us-central1/operations/operation-1771562125390-64b39f32e7448-6ed0a18e-d861591b {"name":"projects/mobilesignalmapper/locations/us-central1/operations/operation-1771562125390-64b39f32e7448-6ed0a18e-d861591b","metadata":{"@type":"type.googleapis.com/google.cloud.functions.v2.OperationMetadata","createTime":"2026-02-20T04:35:26.317521624Z","target":"projects/mobilesignalmapper/locations/us-central1/functions/ssrmobilesignalmapper","verb":"update","cancelRequested":false,"apiVersion":"v2","requestResource":{"@type":"type.googleapis.com/google.cloud.functions.v2.Function","name":"projects/mobilesignalmapper/locations/us-central1/functions/ssrmobilesignalmapper","buildConfig":{"runtime":"nodejs20","entryPoint":"ssrmobilesignalmapper","source":{"storageSource":{"bucket":"gcf-v2-sources-185216844453-us-central1","object":"ssrmobilesignalmapper/function-source.zip","generation":"1771562126251520"}},"environmentVariables":{"GOOGLE_NODE_RUN_SCRIPTS":""},"dockerRepository":"projects/mobilesignalmapper/locations/us-central1/repositories/gcf-artifacts","sourceProvenance":{"resolvedStorageSource":{"bucket":"gcf-v2-sources-185216844453-us-central1","object":"ssrmobilesignalmapper/function-source.zip","generation":"1771486550435076"}},"dockerRegistry":"ARTIFACT_REGISTRY","serviceAccount":"projects/mobilesignalmapper/serviceAccounts/185216844453-compute@developer.gserviceaccount.com","automaticUpdatePolicy":{}},"serviceConfig":{"service":"projects/mobilesignalmapper/locations/us-central1/services/ssrmobilesignalmapper","timeoutSeconds":60,"environmentVariables":{"GEMINI_API_KEY":"","VERCEL_URL":"mobilesignalmapper.web.app","__FIREBASE_FRAMEWORKS_ENTRY__":"next.js","__FIREBASE_DEFAULTS__":"{\"config\":{\"projectId\":\"mobilesignalmapper\",\"appId\":\"1:185216844453:web:4819b2585c8a962295834c\",\"storageBucket\":\"mobilesignalmapper.firebasestorage.app\",\"apiKey\":\"AIzaSyAV1u18vvA53ZN1G6FJzhCL88hPZRTG6B0\",\"authDomain\":\"mobilesignalmapper.firebaseapp.com\",\"messagingSenderId\":\"185216844453\",\"measurementId\":\"G-5LNGDQC7JH\",\"projectNumber\":\"185216844453\",\"version\":\"2\"},\"_authTokenSyncURL\":\"/__session\"}","FIREBASE_CONFIG":"{\"projectId\":\"mobilesignalmapper\",\"storageBucket\":\"mobilesignalmapper.firebasestorage.app\"}","GCLOUD_PROJECT":"mobilesignalmapper","EVENTARC_CLOUD_EVENT_SOURCE":"projects/mobilesignalmapper/locations/us-central1/services/ssrmobilesignalmapper","FUNCTION_TARGET":"ssrmobilesignalmapper","LOG_EXECUTION_ID":"true"},"ingressSettings":"ALLOW_ALL","uri":"https://ssrmobilesignalmapper-a5ckdsquxq-uc.a.run.app","serviceAccountEmail":"185216844453-compute@developer.gserviceaccount.com","availableMemory":"256Mi","allTrafficOnLatestRevision":true,"revision":"ssrmobilesignalmapper-00015-hid","maxInstanceRequestConcurrency":80,"availableCpu":"1"},"state":"ACTIVE","labels":{"deployment-tool":"cli-firebase--project-idx","firebase-functions-codebase":"firebase-frameworks-mobilesignalmapper","firebase-functions-hash":"cf23bae21ba7833bf7f481fecde62ae65379b817"},"environment":"GEN_2","url":"https://us-central1-mobilesignalmapper.cloudfunctions.net/ssrmobilesignalmapper","satisfiesPzi":true},"stages":[{"name":"BUILD","message":"Build in progress","state":"IN_PROGRESS","resource":"projects/185216844453/locations/us-central1/builds/89f452a6-8c8a-4bfe-bbec-804f7f9468d4","resourceUri":"https://console.cloud.google.com/cloud-build/builds;region=us-central1/89f452a6-8c8a-4bfe-bbec-804f7f9468d4?project=185216844453"},{"name":"SERVICE","state":"NOT_STARTED"}],"operationType":"UPDATE_FUNCTION","buildName":"projects/185216844453/locations/us-central1/builds/89f452a6-8c8a-4bfe-bbec-804f7f9468d4"},"done":false}
[debug] [2026-02-20T04:37:54.966Z] [update-firebase-frameworks-mobilesignalmapper-us-central1-ssrmobilesignalmapper] Retrying task index 0
[debug] [2026-02-20T04:37:54.969Z] Checked if tokens are valid: true, expires at: 1771565606236
[debug] [2026-02-20T04:37:54.969Z] Checked if tokens are valid: true, expires at: 1771565606236
[debug] [2026-02-20T04:37:54.969Z] >>> [apiv2][query] GET https://cloudfunctions.googleapis.com/v2/projects/mobilesignalmapper/locations/us-central1/operations/operation-1771562125390-64b39f32e7448-6ed0a18e-d861591b [none]
[debug] [2026-02-20T04:37:55.057Z] <<< [apiv2][status] GET https://cloudfunctions.googleapis.com/v2/projects/mobilesignalmapper/locations/us-central1/operations/operation-1771562125390-64b39f32e7448-6ed0a18e-d861591b 200
[debug] [2026-02-20T04:37:55.058Z] <<< [apiv2][body] GET https://cloudfunctions.googleapis.com/v2/projects/mobilesignalmapper/locations/us-central1/operations/operation-1771562125390-64b39f32e7448-6ed0a18e-d861591b {"name":"projects/mobilesignalmapper/locations/us-central1/operations/operation-1771562125390-64b39f32e7448-6ed0a18e-d861591b","metadata":{"@type":"type.googleapis.com/google.cloud.functions.v2.OperationMetadata","createTime":"2026-02-20T04:35:26.317521624Z","target":"projects/mobilesignalmapper/locations/us-central1/functions/ssrmobilesignalmapper","verb":"update","cancelRequested":false,"apiVersion":"v2","requestResource":{"@type":"type.googleapis.com/google.cloud.functions.v2.Function","name":"projects/mobilesignalmapper/locations/us-central1/functions/ssrmobilesignalmapper","buildConfig":{"runtime":"nodejs20","entryPoint":"ssrmobilesignalmapper","source":{"storageSource":{"bucket":"gcf-v2-sources-185216844453-us-central1","object":"ssrmobilesignalmapper/function-source.zip","generation":"1771562126251520"}},"environmentVariables":{"GOOGLE_NODE_RUN_SCRIPTS":""},"dockerRepository":"projects/mobilesignalmapper/locations/us-central1/repositories/gcf-artifacts","sourceProvenance":{"resolvedStorageSource":{"bucket":"gcf-v2-sources-185216844453-us-central1","object":"ssrmobilesignalmapper/function-source.zip","generation":"1771486550435076"}},"dockerRegistry":"ARTIFACT_REGISTRY","serviceAccount":"projects/mobilesignalmapper/serviceAccounts/185216844453-compute@developer.gserviceaccount.com","automaticUpdatePolicy":{}},"serviceConfig":{"service":"projects/mobilesignalmapper/locations/us-central1/services/ssrmobilesignalmapper","timeoutSeconds":60,"environmentVariables":{"GEMINI_API_KEY":"","VERCEL_URL":"mobilesignalmapper.web.app","__FIREBASE_FRAMEWORKS_ENTRY__":"next.js","__FIREBASE_DEFAULTS__":"{\"config\":{\"projectId\":\"mobilesignalmapper\",\"appId\":\"1:185216844453:web:4819b2585c8a962295834c\",\"storageBucket\":\"mobilesignalmapper.firebasestorage.app\",\"apiKey\":\"AIzaSyAV1u18vvA53ZN1G6FJzhCL88hPZRTG6B0\",\"authDomain\":\"mobilesignalmapper.firebaseapp.com\",\"messagingSenderId\":\"185216844453\",\"measurementId\":\"G-5LNGDQC7JH\",\"projectNumber\":\"185216844453\",\"version\":\"2\"},\"_authTokenSyncURL\":\"/__session\"}","FIREBASE_CONFIG":"{\"projectId\":\"mobilesignalmapper\",\"storageBucket\":\"mobilesignalmapper.firebasestorage.app\"}","GCLOUD_PROJECT":"mobilesignalmapper","EVENTARC_CLOUD_EVENT_SOURCE":"projects/mobilesignalmapper/locations/us-central1/services/ssrmobilesignalmapper","FUNCTION_TARGET":"ssrmobilesignalmapper","LOG_EXECUTION_ID":"true"},"ingressSettings":"ALLOW_ALL","uri":"https://ssrmobilesignalmapper-a5ckdsquxq-uc.a.run.app","serviceAccountEmail":"185216844453-compute@developer.gserviceaccount.com","availableMemory":"256Mi","allTrafficOnLatestRevision":true,"revision":"ssrmobilesignalmapper-00015-hid","maxInstanceRequestConcurrency":80,"availableCpu":"1"},"state":"ACTIVE","labels":{"deployment-tool":"cli-firebase--project-idx","firebase-functions-codebase":"firebase-frameworks-mobilesignalmapper","firebase-functions-hash":"cf23bae21ba7833bf7f481fecde62ae65379b817"},"environment":"GEN_2","url":"https://us-central1-mobilesignalmapper.cloudfunctions.net/ssrmobilesignalmapper","satisfiesPzi":true},"stages":[{"name":"BUILD","message":"Build in progress","state":"IN_PROGRESS","resource":"projects/185216844453/locations/us-central1/builds/89f452a6-8c8a-4bfe-bbec-804f7f9468d4","resourceUri":"https://console.cloud.google.com/cloud-build/builds;region=us-central1/89f452a6-8c8a-4bfe-bbec-804f7f9468d4?project=185216844453"},{"name":"SERVICE","state":"NOT_STARTED"}],"operationType":"UPDATE_FUNCTION","buildName":"projects/185216844453/locations/us-central1/builds/89f452a6-8c8a-4bfe-bbec-804f7f9468d4"},"done":false}
[debug] [2026-02-20T04:38:05.063Z] [update-firebase-frameworks-mobilesignalmapper-us-central1-ssrmobilesignalmapper] Retrying task index 0
[debug] [2026-02-20T04:38:05.064Z] Checked if tokens are valid: true, expires at: 1771565606236
[debug] [2026-02-20T04:38:05.064Z] Checked if tokens are valid: true, expires at: 1771565606236
[debug] [2026-02-20T04:38:05.064Z] >>> [apiv2][query] GET https://cloudfunctions.googleapis.com/v2/projects/mobilesignalmapper/locations/us-central1/operations/operation-1771562125390-64b39f32e7448-6ed0a18e-d861591b [none]
[debug] [2026-02-20T04:38:05.264Z] <<< [apiv2][status] GET https://cloudfunctions.googleapis.com/v2/projects/mobilesignalmapper/locations/us-central1/operations/operation-1771562125390-64b39f32e7448-6ed0a18e-d861591b 200
[debug] [2026-02-20T04:38:05.265Z] <<< [apiv2][body] GET https://cloudfunctions.googleapis.com/v2/projects/mobilesignalmapper/locations/us-central1/operations/operation-1771562125390-64b39f32e7448-6ed0a18e-d861591b {"name":"projects/mobilesignalmapper/locations/us-central1/operations/operation-1771562125390-64b39f32e7448-6ed0a18e-d861591b","metadata":{"@type":"type.googleapis.com/google.cloud.functions.v2.OperationMetadata","createTime":"2026-02-20T04:35:26.317521624Z","target":"projects/mobilesignalmapper/locations/us-central1/functions/ssrmobilesignalmapper","verb":"update","cancelRequested":false,"apiVersion":"v2","requestResource":{"@type":"type.googleapis.com/google.cloud.functions.v2.Function","name":"projects/mobilesignalmapper/locations/us-central1/functions/ssrmobilesignalmapper","buildConfig":{"runtime":"nodejs20","entryPoint":"ssrmobilesignalmapper","source":{"storageSource":{"bucket":"gcf-v2-sources-185216844453-us-central1","object":"ssrmobilesignalmapper/function-source.zip","generation":"1771562126251520"}},"environmentVariables":{"GOOGLE_NODE_RUN_SCRIPTS":""},"dockerRepository":"projects/mobilesignalmapper/locations/us-central1/repositories/gcf-artifacts","sourceProvenance":{"resolvedStorageSource":{"bucket":"gcf-v2-sources-185216844453-us-central1","object":"ssrmobilesignalmapper/function-source.zip","generation":"1771486550435076"}},"dockerRegistry":"ARTIFACT_REGISTRY","serviceAccount":"projects/mobilesignalmapper/serviceAccounts/185216844453-compute@developer.gserviceaccount.com","automaticUpdatePolicy":{}},"serviceConfig":{"service":"projects/mobilesignalmapper/locations/us-central1/services/ssrmobilesignalmapper","timeoutSeconds":60,"environmentVariables":{"GEMINI_API_KEY":"","VERCEL_URL":"mobilesignalmapper.web.app","__FIREBASE_FRAMEWORKS_ENTRY__":"next.js","__FIREBASE_DEFAULTS__":"{\"config\":{\"projectId\":\"mobilesignalmapper\",\"appId\":\"1:185216844453:web:4819b2585c8a962295834c\",\"storageBucket\":\"mobilesignalmapper.firebasestorage.app\",\"apiKey\":\"AIzaSyAV1u18vvA53ZN1G6FJzhCL88hPZRTG6B0\",\"authDomain\":\"mobilesignalmapper.firebaseapp.com\",\"messagingSenderId\":\"185216844453\",\"measurementId\":\"G-5LNGDQC7JH\",\"projectNumber\":\"185216844453\",\"version\":\"2\"},\"_authTokenSyncURL\":\"/__session\"}","FIREBASE_CONFIG":"{\"projectId\":\"mobilesignalmapper\",\"storageBucket\":\"mobilesignalmapper.firebasestorage.app\"}","GCLOUD_PROJECT":"mobilesignalmapper","EVENTARC_CLOUD_EVENT_SOURCE":"projects/mobilesignalmapper/locations/us-central1/services/ssrmobilesignalmapper","FUNCTION_TARGET":"ssrmobilesignalmapper","LOG_EXECUTION_ID":"true"},"ingressSettings":"ALLOW_ALL","uri":"https://ssrmobilesignalmapper-a5ckdsquxq-uc.a.run.app","serviceAccountEmail":"185216844453-compute@developer.gserviceaccount.com","availableMemory":"256Mi","allTrafficOnLatestRevision":true,"revision":"ssrmobilesignalmapper-00015-hid","maxInstanceRequestConcurrency":80,"availableCpu":"1"},"state":"ACTIVE","labels":{"deployment-tool":"cli-firebase--project-idx","firebase-functions-codebase":"firebase-frameworks-mobilesignalmapper","firebase-functions-hash":"cf23bae21ba7833bf7f481fecde62ae65379b817"},"environment":"GEN_2","url":"https://us-central1-mobilesignalmapper.cloudfunctions.net/ssrmobilesignalmapper","satisfiesPzi":true},"stages":[{"name":"BUILD","message":"Build in progress","state":"IN_PROGRESS","resource":"projects/185216844453/locations/us-central1/builds/89f452a6-8c8a-4bfe-bbec-804f7f9468d4","resourceUri":"https://console.cloud.google.com/cloud-build/builds;region=us-central1/89f452a6-8c8a-4bfe-bbec-804f7f9468d4?project=185216844453"},{"name":"SERVICE","state":"NOT_STARTED"}],"operationType":"UPDATE_FUNCTION","buildName":"projects/185216844453/locations/us-central1/builds/89f452a6-8c8a-4bfe-bbec-804f7f9468d4"},"done":false}
[debug] [2026-02-20T04:38:15.272Z] [update-firebase-frameworks-mobilesignalmapper-us-central1-ssrmobilesignalmapper] Retrying task index 0
[debug] [2026-02-20T04:38:15.272Z] Checked if tokens are valid: true, expires at: 1771565606236
[debug] [2026-02-20T04:38:15.273Z] Checked if tokens are valid: true, expires at: 1771565606236
[debug] [2026-02-20T04:38:15.273Z] >>> [apiv2][query] GET https://cloudfunctions.googleapis.com/v2/projects/mobilesignalmapper/locations/us-central1/operations/operation-1771562125390-64b39f32e7448-6ed0a18e-d861591b [none]
[debug] [2026-02-20T04:38:15.380Z] <<< [apiv2][status] GET https://cloudfunctions.googleapis.com/v2/projects/mobilesignalmapper/locations/us-central1/operations/operation-1771562125390-64b39f32e7448-6ed0a18e-d861591b 200
[debug] [2026-02-20T04:38:15.380Z] <<< [apiv2][body] GET https://cloudfunctions.googleapis.com/v2/projects/mobilesignalmapper/locations/us-central1/operations/operation-1771562125390-64b39f32e7448-6ed0a18e-d861591b {"name":"projects/mobilesignalmapper/locations/us-central1/operations/operation-1771562125390-64b39f32e7448-6ed0a18e-d861591b","metadata":{"@type":"type.googleapis.com/google.cloud.functions.v2.OperationMetadata","createTime":"2026-02-20T04:35:26.317521624Z","target":"projects/mobilesignalmapper/locations/us-central1/functions/ssrmobilesignalmapper","verb":"update","cancelRequested":false,"apiVersion":"v2","requestResource":{"@type":"type.googleapis.com/google.cloud.functions.v2.Function","name":"projects/mobilesignalmapper/locations/us-central1/functions/ssrmobilesignalmapper","buildConfig":{"runtime":"nodejs20","entryPoint":"ssrmobilesignalmapper","source":{"storageSource":{"bucket":"gcf-v2-sources-185216844453-us-central1","object":"ssrmobilesignalmapper/function-source.zip","generation":"1771562126251520"}},"environmentVariables":{"GOOGLE_NODE_RUN_SCRIPTS":""},"dockerRepository":"projects/mobilesignalmapper/locations/us-central1/repositories/gcf-artifacts","sourceProvenance":{"resolvedStorageSource":{"bucket":"gcf-v2-sources-185216844453-us-central1","object":"ssrmobilesignalmapper/function-source.zip","generation":"1771486550435076"}},"dockerRegistry":"ARTIFACT_REGISTRY","serviceAccount":"projects/mobilesignalmapper/serviceAccounts/185216844453-compute@developer.gserviceaccount.com","automaticUpdatePolicy":{}},"serviceConfig":{"service":"projects/mobilesignalmapper/locations/us-central1/services/ssrmobilesignalmapper","timeoutSeconds":60,"environmentVariables":{"GEMINI_API_KEY":"","VERCEL_URL":"mobilesignalmapper.web.app","__FIREBASE_FRAMEWORKS_ENTRY__":"next.js","__FIREBASE_DEFAULTS__":"{\"config\":{\"projectId\":\"mobilesignalmapper\",\"appId\":\"1:185216844453:web:4819b2585c8a962295834c\",\"storageBucket\":\"mobilesignalmapper.firebasestorage.app\",\"apiKey\":\"AIzaSyAV1u18vvA53ZN1G6FJzhCL88hPZRTG6B0\",\"authDomain\":\"mobilesignalmapper.firebaseapp.com\",\"messagingSenderId\":\"185216844453\",\"measurementId\":\"G-5LNGDQC7JH\",\"projectNumber\":\"185216844453\",\"version\":\"2\"},\"_authTokenSyncURL\":\"/__session\"}","FIREBASE_CONFIG":"{\"projectId\":\"mobilesignalmapper\",\"storageBucket\":\"mobilesignalmapper.firebasestorage.app\"}","GCLOUD_PROJECT":"mobilesignalmapper","EVENTARC_CLOUD_EVENT_SOURCE":"projects/mobilesignalmapper/locations/us-central1/services/ssrmobilesignalmapper","FUNCTION_TARGET":"ssrmobilesignalmapper","LOG_EXECUTION_ID":"true"},"ingressSettings":"ALLOW_ALL","uri":"https://ssrmobilesignalmapper-a5ckdsquxq-uc.a.run.app","serviceAccountEmail":"185216844453-compute@developer.gserviceaccount.com","availableMemory":"256Mi","allTrafficOnLatestRevision":true,"revision":"ssrmobilesignalmapper-00015-hid","maxInstanceRequestConcurrency":80,"availableCpu":"1"},"state":"ACTIVE","labels":{"deployment-tool":"cli-firebase--project-idx","firebase-functions-codebase":"firebase-frameworks-mobilesignalmapper","firebase-functions-hash":"cf23bae21ba7833bf7f481fecde62ae65379b817"},"environment":"GEN_2","url":"https://us-central1-mobilesignalmapper.cloudfunctions.net/ssrmobilesignalmapper","satisfiesPzi":true},"stages":[{"name":"BUILD","message":"Build in progress","state":"IN_PROGRESS","resource":"projects/185216844453/locations/us-central1/builds/89f452a6-8c8a-4bfe-bbec-804f7f9468d4","resourceUri":"https://console.cloud.google.com/cloud-build/builds;region=us-central1/89f452a6-8c8a-4bfe-bbec-804f7f9468d4?project=185216844453"},{"name":"SERVICE","state":"NOT_STARTED"}],"operationType":"UPDATE_FUNCTION","buildName":"projects/185216844453/locations/us-central1/builds/89f452a6-8c8a-4bfe-bbec-804f7f9468d4"},"done":false}
[debug] [2026-02-20T04:38:25.385Z] [update-firebase-frameworks-mobilesignalmapper-us-central1-ssrmobilesignalmapper] Retrying task index 0
[debug] [2026-02-20T04:38:25.387Z] Checked if tokens are valid: true, expires at: 1771565606236
[debug] [2026-02-20T04:38:25.387Z] Checked if tokens are valid: true, expires at: 1771565606236
[debug] [2026-02-20T04:38:25.390Z] >>> [apiv2][query] GET https://cloudfunctions.googleapis.com/v2/projects/mobilesignalmapper/locations/us-central1/operations/operation-1771562125390-64b39f32e7448-6ed0a18e-d861591b [none]
[debug] [2026-02-20T04:38:25.629Z] <<< [apiv2][status] GET https://cloudfunctions.googleapis.com/v2/projects/mobilesignalmapper/locations/us-central1/operations/operation-1771562125390-64b39f32e7448-6ed0a18e-d861591b 200
[debug] [2026-02-20T04:38:25.632Z] <<< [apiv2][body] GET https://cloudfunctions.googleapis.com/v2/projects/mobilesignalmapper/locations/us-central1/operations/operation-1771562125390-64b39f32e7448-6ed0a18e-d861591b {"name":"projects/mobilesignalmapper/locations/us-central1/operations/operation-1771562125390-64b39f32e7448-6ed0a18e-d861591b","metadata":{"@type":"type.googleapis.com/google.cloud.functions.v2.OperationMetadata","createTime":"2026-02-20T04:35:26.317521624Z","target":"projects/mobilesignalmapper/locations/us-central1/functions/ssrmobilesignalmapper","verb":"update","cancelRequested":false,"apiVersion":"v2","requestResource":{"@type":"type.googleapis.com/google.cloud.functions.v2.Function","name":"projects/mobilesignalmapper/locations/us-central1/functions/ssrmobilesignalmapper","buildConfig":{"runtime":"nodejs20","entryPoint":"ssrmobilesignalmapper","source":{"storageSource":{"bucket":"gcf-v2-sources-185216844453-us-central1","object":"ssrmobilesignalmapper/function-source.zip","generation":"1771562126251520"}},"environmentVariables":{"GOOGLE_NODE_RUN_SCRIPTS":""},"dockerRepository":"projects/mobilesignalmapper/locations/us-central1/repositories/gcf-artifacts","sourceProvenance":{"resolvedStorageSource":{"bucket":"gcf-v2-sources-185216844453-us-central1","object":"ssrmobilesignalmapper/function-source.zip","generation":"1771486550435076"}},"dockerRegistry":"ARTIFACT_REGISTRY","serviceAccount":"projects/mobilesignalmapper/serviceAccounts/185216844453-compute@developer.gserviceaccount.com","automaticUpdatePolicy":{}},"serviceConfig":{"service":"projects/mobilesignalmapper/locations/us-central1/services/ssrmobilesignalmapper","timeoutSeconds":60,"environmentVariables":{"GEMINI_API_KEY":"","VERCEL_URL":"mobilesignalmapper.web.app","__FIREBASE_FRAMEWORKS_ENTRY__":"next.js","__FIREBASE_DEFAULTS__":"{\"config\":{\"projectId\":\"mobilesignalmapper\",\"appId\":\"1:185216844453:web:4819b2585c8a962295834c\",\"storageBucket\":\"mobilesignalmapper.firebasestorage.app\",\"apiKey\":\"AIzaSyAV1u18vvA53ZN1G6FJzhCL88hPZRTG6B0\",\"authDomain\":\"mobilesignalmapper.firebaseapp.com\",\"messagingSenderId\":\"185216844453\",\"measurementId\":\"G-5LNGDQC7JH\",\"projectNumber\":\"185216844453\",\"version\":\"2\"},\"_authTokenSyncURL\":\"/__session\"}","FIREBASE_CONFIG":"{\"projectId\":\"mobilesignalmapper\",\"storageBucket\":\"mobilesignalmapper.firebasestorage.app\"}","GCLOUD_PROJECT":"mobilesignalmapper","EVENTARC_CLOUD_EVENT_SOURCE":"projects/mobilesignalmapper/locations/us-central1/services/ssrmobilesignalmapper","FUNCTION_TARGET":"ssrmobilesignalmapper","LOG_EXECUTION_ID":"true"},"ingressSettings":"ALLOW_ALL","uri":"https://ssrmobilesignalmapper-a5ckdsquxq-uc.a.run.app","serviceAccountEmail":"185216844453-compute@developer.gserviceaccount.com","availableMemory":"256Mi","allTrafficOnLatestRevision":true,"revision":"ssrmobilesignalmapper-00015-hid","maxInstanceRequestConcurrency":80,"availableCpu":"1"},"state":"ACTIVE","labels":{"deployment-tool":"cli-firebase--project-idx","firebase-functions-codebase":"firebase-frameworks-mobilesignalmapper","firebase-functions-hash":"cf23bae21ba7833bf7f481fecde62ae65379b817"},"environment":"GEN_2","url":"https://us-central1-mobilesignalmapper.cloudfunctions.net/ssrmobilesignalmapper","satisfiesPzi":true},"stages":[{"name":"BUILD","message":"Build in progress","state":"IN_PROGRESS","resource":"projects/185216844453/locations/us-central1/builds/89f452a6-8c8a-4bfe-bbec-804f7f9468d4","resourceUri":"https://console.cloud.google.com/cloud-build/builds;region=us-central1/89f452a6-8c8a-4bfe-bbec-804f7f9468d4?project=185216844453"},{"name":"SERVICE","state":"NOT_STARTED"}],"operationType":"UPDATE_FUNCTION","buildName":"projects/185216844453/locations/us-central1/builds/89f452a6-8c8a-4bfe-bbec-804f7f9468d4"},"done":false}
[debug] [2026-02-20T04:38:35.639Z] [update-firebase-frameworks-mobilesignalmapper-us-central1-ssrmobilesignalmapper] Retrying task index 0
[debug] [2026-02-20T04:38:35.639Z] Checked if tokens are valid: true, expires at: 1771565606236
[debug] [2026-02-20T04:38:35.639Z] Checked if tokens are valid: true, expires at: 1771565606236
[debug] [2026-02-20T04:38:35.640Z] >>> [apiv2][query] GET https://cloudfunctions.googleapis.com/v2/projects/mobilesignalmapper/locations/us-central1/operations/operation-1771562125390-64b39f32e7448-6ed0a18e-d861591b [none]
[debug] [2026-02-20T04:38:35.728Z] <<< [apiv2][status] GET https://cloudfunctions.googleapis.com/v2/projects/mobilesignalmapper/locations/us-central1/operations/operation-1771562125390-64b39f32e7448-6ed0a18e-d861591b 200
[debug] [2026-02-20T04:38:35.728Z] <<< [apiv2][body] GET https://cloudfunctions.googleapis.com/v2/projects/mobilesignalmapper/locations/us-central1/operations/operation-1771562125390-64b39f32e7448-6ed0a18e-d861591b {"name":"projects/mobilesignalmapper/locations/us-central1/operations/operation-1771562125390-64b39f32e7448-6ed0a18e-d861591b","metadata":{"@type":"type.googleapis.com/google.cloud.functions.v2.OperationMetadata","createTime":"2026-02-20T04:35:26.317521624Z","target":"projects/mobilesignalmapper/locations/us-central1/functions/ssrmobilesignalmapper","verb":"update","cancelRequested":false,"apiVersion":"v2","requestResource":{"@type":"type.googleapis.com/google.cloud.functions.v2.Function","name":"projects/mobilesignalmapper/locations/us-central1/functions/ssrmobilesignalmapper","buildConfig":{"runtime":"nodejs20","entryPoint":"ssrmobilesignalmapper","source":{"storageSource":{"bucket":"gcf-v2-sources-185216844453-us-central1","object":"ssrmobilesignalmapper/function-source.zip","generation":"1771562126251520"}},"environmentVariables":{"GOOGLE_NODE_RUN_SCRIPTS":""},"dockerRepository":"projects/mobilesignalmapper/locations/us-central1/repositories/gcf-artifacts","sourceProvenance":{"resolvedStorageSource":{"bucket":"gcf-v2-sources-185216844453-us-central1","object":"ssrmobilesignalmapper/function-source.zip","generation":"1771486550435076"}},"dockerRegistry":"ARTIFACT_REGISTRY","serviceAccount":"projects/mobilesignalmapper/serviceAccounts/185216844453-compute@developer.gserviceaccount.com","automaticUpdatePolicy":{}},"serviceConfig":{"service":"projects/mobilesignalmapper/locations/us-central1/services/ssrmobilesignalmapper","timeoutSeconds":60,"environmentVariables":{"GEMINI_API_KEY":"","VERCEL_URL":"mobilesignalmapper.web.app","__FIREBASE_FRAMEWORKS_ENTRY__":"next.js","__FIREBASE_DEFAULTS__":"{\"config\":{\"projectId\":\"mobilesignalmapper\",\"appId\":\"1:185216844453:web:4819b2585c8a962295834c\",\"storageBucket\":\"mobilesignalmapper.firebasestorage.app\",\"apiKey\":\"AIzaSyAV1u18vvA53ZN1G6FJzhCL88hPZRTG6B0\",\"authDomain\":\"mobilesignalmapper.firebaseapp.com\",\"messagingSenderId\":\"185216844453\",\"measurementId\":\"G-5LNGDQC7JH\",\"projectNumber\":\"185216844453\",\"version\":\"2\"},\"_authTokenSyncURL\":\"/__session\"}","FIREBASE_CONFIG":"{\"projectId\":\"mobilesignalmapper\",\"storageBucket\":\"mobilesignalmapper.firebasestorage.app\"}","GCLOUD_PROJECT":"mobilesignalmapper","EVENTARC_CLOUD_EVENT_SOURCE":"projects/mobilesignalmapper/locations/us-central1/services/ssrmobilesignalmapper","FUNCTION_TARGET":"ssrmobilesignalmapper","LOG_EXECUTION_ID":"true"},"ingressSettings":"ALLOW_ALL","uri":"https://ssrmobilesignalmapper-a5ckdsquxq-uc.a.run.app","serviceAccountEmail":"185216844453-compute@developer.gserviceaccount.com","availableMemory":"256Mi","allTrafficOnLatestRevision":true,"revision":"ssrmobilesignalmapper-00015-hid","maxInstanceRequestConcurrency":80,"availableCpu":"1"},"state":"ACTIVE","labels":{"deployment-tool":"cli-firebase--project-idx","firebase-functions-codebase":"firebase-frameworks-mobilesignalmapper","firebase-functions-hash":"cf23bae21ba7833bf7f481fecde62ae65379b817"},"environment":"GEN_2","url":"https://us-central1-mobilesignalmapper.cloudfunctions.net/ssrmobilesignalmapper","satisfiesPzi":true},"stages":[{"name":"BUILD","message":"Build finished","state":"COMPLETE","resource":"projects/185216844453/locations/us-central1/builds/89f452a6-8c8a-4bfe-bbec-804f7f9468d4","resourceUri":"https://console.cloud.google.com/cloud-build/builds;region=us-central1/89f452a6-8c8a-4bfe-bbec-804f7f9468d4?project=185216844453"},{"name":"SERVICE","message":"Updating Cloud Run service","state":"IN_PROGRESS","resource":"projects/mobilesignalmapper/locations/us-central1/services/ssrmobilesignalmapper","resourceUri":"https://console.cloud.google.com/run/detail/us-central1/ssrmobilesignalmapper?project=mobilesignalmapper","stateMessages":[{"severity":"INFO","type":"CloudRunServiceNewRevisionTrafficInfo","message":"A new revision will be deployed serving with 100% traffic."}]}],"sourceToken":"Cldwcm9qZWN0cy8xODUyMTY4NDQ0NTMvbG9jYXRpb25zL3VzLWNlbnRyYWwxL2J1aWxkcy84OWY0NTJhNi04YzhhLTRiZmUtYmJlYy04MDRmN2Y5NDY4ZDQSfXVzLWNlbnRyYWwxLWRvY2tlci5wa2cuZGV2L21vYmlsZXNpZ25hbG1hcHBlci9nY2YtYXJ0aWZhY3RzL21vYmlsZXNpZ25hbG1hcHBlcl9fdXMtLWNlbnRyYWwxX19zc3Jtb2JpbGVzaWduYWxtYXBwZXI6dmVyc2lvbl8xGKWFo/6xBSJRcHJvamVjdHMvbW9iaWxlc2lnbmFsbWFwcGVyL2xvY2F0aW9ucy91cy1jZW50cmFsMS9mdW5jdGlvbnMvc3NybW9iaWxlc2lnbmFsbWFwcGVyKgwIysrfzAYQuLi5igMyCG5vZGVqczIwOnYKI2djci5pby9nYWUtcnVudGltZXMvbm9kZWpzMjA6c3RhYmxlEk91cy1jZW50cmFsMS1kb2NrZXIucGtnLmRldi9zZXJ2ZXJsZXNzLXJ1bnRpbWVzL2dvb2dsZS0yMi1mdWxsL3J1bnRpbWVzL25vZGVqczIwQAE=","operationType":"UPDATE_FUNCTION","buildName":"projects/185216844453/locations/us-central1/builds/89f452a6-8c8a-4bfe-bbec-804f7f9468d4"},"done":false}
[debug] [2026-02-20T04:38:35.735Z] Got source token Cldwcm9qZWN0cy8xODUyMTY4NDQ0NTMvbG9jYXRpb25zL3VzLWNlbnRyYWwxL2J1aWxkcy84OWY0NTJhNi04YzhhLTRiZmUtYmJlYy04MDRmN2Y5NDY4ZDQSfXVzLWNlbnRyYWwxLWRvY2tlci5wa2cuZGV2L21vYmlsZXNpZ25hbG1hcHBlci9nY2YtYXJ0aWZhY3RzL21vYmlsZXNpZ25hbG1hcHBlcl9fdXMtLWNlbnRyYWwxX19zc3Jtb2JpbGVzaWduYWxtYXBwZXI6dmVyc2lvbl8xGKWFo/6xBSJRcHJvamVjdHMvbW9iaWxlc2lnbmFsbWFwcGVyL2xvY2F0aW9ucy91cy1jZW50cmFsMS9mdW5jdGlvbnMvc3NybW9iaWxlc2lnbmFsbWFwcGVyKgwIysrfzAYQuLi5igMyCG5vZGVqczIwOnYKI2djci5pby9nYWUtcnVudGltZXMvbm9kZWpzMjA6c3RhYmxlEk91cy1jZW50cmFsMS1kb2NrZXIucGtnLmRldi9zZXJ2ZXJsZXNzLXJ1bnRpbWVzL2dvb2dsZS0yMi1mdWxsL3J1bnRpbWVzL25vZGVqczIwQAE= for region us-central1
